date,nav,scheme_code
13-02-2026,183.1118,118778
12-02-2026,185.1505,118778
11-02-2026,186.4321,118778
10-02-2026,186.5998,118778
09-02-2026,185.2055,118778
06-02-2026,181.5471,118778
05-02-2026,182.148,118778
04-02-2026,183.5416,118778
03-02-2026,182.3435,118778
02-02-2026,177.0445,118778
30-01-2026,179.1761,118778
29-01-2026,177.2533,118778
28-01-2026,177.3411,118778
27-01-2026,174.8238,118778
23-01-2026,173.8018,118778
22-01-2026,176.8101,118778
21-01-2026,174.7731,118778
20-01-2026,176.1113,118778
19-01-2026,179.7387,118778
16-01-2026,181.5063,118778
14-01-2026,182.0768,118778
13-01-2026,181.7104,118778
12-01-2026,181.087,118778
09-01-2026,182.1833,118778
08-01-2026,184.54,118778
07-01-2026,187.7981,118778
06-01-2026,187.6506,118778
05-01-2026,188.4951,118778
02-01-2026,188.2703,118778
01-01-2026,186.9062,118778
31-12-2025,187.0214,118778
30-12-2025,185.0574,118778
29-12-2025,185.5485,118778
26-12-2025,186.524,118778
24-12-2025,186.7985,118778
23-12-2025,187.2884,118778
22-12-2025,187.055,118778
19-12-2025,185.2876,118778
18-12-2025,183.5789,118778
17-12-2025,184.298,118778
16-12-2025,185.2962,118778
15-12-2025,186.4022,118778
12-12-2025,185.8275,118778
11-12-2025,184.5814,118778
10-12-2025,183.6915,118778
09-12-2025,184.4197,118778
08-12-2025,182.8301,118778
05-12-2025,185.9891,118778
04-12-2025,186.9294,118778
03-12-2025,187.2842,118778
02-12-2025,188.6621,118778
01-12-2025,189.2635,118778
28-11-2025,189.3305,118778
27-11-2025,189.7141,118778
26-11-2025,190.3052,118778
25-11-2025,188.4339,118778
24-11-2025,188.3801,118778
21-11-2025,188.9393,118778
20-11-2025,191.2593,118778
19-11-2025,191.1666,118778
18-11-2025,191.5697,118778
17-11-2025,192.215,118778
14-11-2025,191.0051,118778
13-11-2025,190.8692,118778
12-11-2025,191.2317,118778
11-11-2025,189.7367,118778
10-11-2025,189.7707,118778
07-11-2025,189.4168,118778
06-11-2025,189.8565,118778
04-11-2025,192.7484,118778
03-11-2025,193.607,118778
31-10-2025,192.2278,118778
30-10-2025,193.2111,118778
29-10-2025,193.4264,118778
28-10-2025,192.1699,118778
27-10-2025,192.1937,118778
24-10-2025,191.3376,118778
23-10-2025,191.8987,118778
20-10-2025,190.8094,118778
17-10-2025,190.2143,118778
16-10-2025,190.2517,118778
15-10-2025,188.8273,118778
14-10-2025,187.6021,118778
13-10-2025,188.9801,118778
10-10-2025,189.4229,118778
09-10-2025,188.5156,118778
08-10-2025,188.356,118778
07-10-2025,189.0718,118778
06-10-2025,189.2893,118778
03-10-2025,189.0205,118778
01-10-2025,187.4886,118778
30-09-2025,186.0526,118778
26-09-2025,186.593,118778
25-09-2025,189.7579,118778
24-09-2025,190.8658,118778
23-09-2025,191.6828,118778
22-09-2025,192.4025,118778
19-09-2025,193.5661,118778
18-09-2025,193.382,118778
17-09-2025,193.4767,118778
16-09-2025,192.4875,118778
15-09-2025,191.4473,118778
12-09-2025,190.8719,118778
11-09-2025,190.3564,118778
10-09-2025,190.3437,118778
09-09-2025,189.0056,118778
08-09-2025,188.4364,118778
05-09-2025,188.2874,118778
04-09-2025,188.4171,118778
03-09-2025,189.1376,118778
02-09-2025,187.8048,118778
01-09-2025,187.1769,118778
29-08-2025,184.3757,118778
28-08-2025,184.9538,118778
26-08-2025,186.507,118778
25-08-2025,189.3893,118778
22-08-2025,189.2557,118778
21-08-2025,189.9973,118778
20-08-2025,190.1561,118778
19-08-2025,189.7006,118778
18-08-2025,187.5925,118778
14-08-2025,185.3751,118778
13-08-2025,186.0344,118778
12-08-2025,185.5646,118778
11-08-2025,185.6303,118778
08-08-2025,184.5966,118778
07-08-2025,186.6247,118778
06-08-2025,187.1035,118778
05-08-2025,188.6243,118778
04-08-2025,189.2208,118778
01-08-2025,187.6752,118778
31-07-2025,189.8816,118778
30-07-2025,191.0596,118778
29-07-2025,190.7943,118778
28-07-2025,189.0386,118778
25-07-2025,190.9906,118778
24-07-2025,194.436,118778
23-07-2025,195.2636,118778
22-07-2025,195.0777,118778
21-07-2025,195.5236,118778
18-07-2025,195.0917,118778
17-07-2025,196.5313,118778
16-07-2025,196.2742,118778
15-07-2025,195.5561,118778
14-07-2025,194.3708,118778
11-07-2025,193.7756,118778
10-07-2025,194.4099,118778
09-07-2025,194.4066,118778
08-07-2025,193.5006,118778
07-07-2025,193.7459,118778
04-07-2025,194.3456,118778
03-07-2025,194.0687,118778
02-07-2025,193.5857,118778
01-07-2025,194.0531,118778
30-06-2025,194.1643,118778
27-06-2025,192.7533,118778
26-06-2025,191.7238,118778
25-06-2025,190.8149,118778
24-06-2025,188.1212,118778
23-06-2025,187.43,118778
20-06-2025,186.4651,118778
19-06-2025,185.2099,118778
18-06-2025,187.8471,118778
17-06-2025,188.1378,118778
16-06-2025,188.6733,118778
13-06-2025,187.9956,118778
12-06-2025,188.6365,118778
11-06-2025,191.1028,118778
10-06-2025,191.3794,118778
09-06-2025,190.6581,118778
06-06-2025,188.6274,118778
05-06-2025,188.0719,118778
04-06-2025,186.9183,118778
03-06-2025,186.0786,118778
02-06-2025,186.5134,118778
30-05-2025,185.6339,118778
29-05-2025,185.1486,118778
28-05-2025,184.5749,118778
27-05-2025,184.203,118778
26-05-2025,184.2838,118778
23-05-2025,183.5167,118778
22-05-2025,182.6649,118778
21-05-2025,183.185,118778
20-05-2025,182.2795,118778
19-05-2025,183.8519,118778
16-05-2025,183.2985,118778
15-05-2025,181.0908,118778
14-05-2025,179.3853,118778
13-05-2025,177.2466,118778
12-05-2025,176.1054,118778
09-05-2025,169.8835,118778
08-05-2025,170.858,118778
07-05-2025,172.2897,118778
06-05-2025,170.669,118778
05-05-2025,174.1537,118778
02-05-2025,172.5195,118778
30-04-2025,172.7456,118778
29-04-2025,174.9981,118778
28-04-2025,174.4073,118778
25-04-2025,173.3042,118778
24-04-2025,177.2153,118778
23-04-2025,177.1508,118778
22-04-2025,176.6086,118778
21-04-2025,174.8117,118778
17-04-2025,172.2277,118778
16-04-2025,171.5003,118778
15-04-2025,170.1644,118778
11-04-2025,165.6746,118778
09-04-2025,161.7193,118778
08-04-2025,163.0678,118778
07-04-2025,160.1016,118778
04-04-2025,165.3721,118778
03-04-2025,169.7834,118778
02-04-2025,168.7608,118778
01-04-2025,167.1746,118778
31-03-2025,167.5258,118778
28-03-2025,167.5308,118778
27-03-2025,167.6628,118778
26-03-2025,167.0751,118778
25-03-2025,169.508,118778
24-03-2025,171.767,118778
21-03-2025,169.5103,118778
20-03-2025,166.859,118778
19-03-2025,165.3145,118778
18-03-2025,162.7668,118778
17-03-2025,159.0109,118778
13-03-2025,158.9539,118778
12-03-2025,160.084,118778
11-03-2025,160.344,118778
10-03-2025,160.8207,118778
07-03-2025,163.5139,118778
06-03-2025,162.623,118778
05-03-2025,160.2564,118778
04-03-2025,156.7257,118778
03-03-2025,154.9158,118778
28-02-2025,155.8372,118778
27-02-2025,159.1932,118778
25-02-2025,161.3992,118778
24-02-2025,162.2178,118778
21-02-2025,164.1121,118778
20-02-2025,165.0129,118778
19-02-2025,163.0179,118778
18-02-2025,160.7795,118778
17-02-2025,162.3655,118778
14-02-2025,162.9322,118778
13-02-2025,167.1296,118778
12-02-2025,167.6622,118778
11-02-2025,168.3008,118778
10-02-2025,173.2182,118778
07-02-2025,176.5747,118778
06-02-2025,177.4481,118778
05-02-2025,177.7433,118778
04-02-2025,176.1747,118778
03-02-2025,174.5957,118778
31-01-2025,176.9048,118778
30-01-2025,173.9847,118778
29-01-2025,173.834,118778
28-01-2025,169.3445,118778
27-01-2025,172.2453,118778
24-01-2025,177.1145,118778
23-01-2025,181.1666,118778
22-01-2025,179.9124,118778
21-01-2025,182.3339,118778
20-01-2025,185.7368,118778
17-01-2025,184.8345,118778
16-01-2025,184.8523,118778
15-01-2025,182.8091,118778
14-01-2025,181.7164,118778
13-01-2025,179.057,118778
10-01-2025,186.0948,118778
09-01-2025,189.9305,118778
08-01-2025,191.7484,118778
07-01-2025,194.3965,118778
06-01-2025,191.5597,118778
03-01-2025,197.0126,118778
02-01-2025,197.4485,118778
01-01-2025,196.249,118778
31-12-2024,194.8581,118778
30-12-2024,193.5219,118778
27-12-2024,194.8107,118778
26-12-2024,194.3577,118778
24-12-2024,194.7594,118778
23-12-2024,194.2323,118778
20-12-2024,195.4111,118778
19-12-2024,199.7523,118778
18-12-2024,200.2587,118778
17-12-2024,201.5147,118778
16-12-2024,202.947,118778
13-12-2024,201.9213,118778
12-12-2024,202.2429,118778
11-12-2024,203.8399,118778
10-12-2024,203.2063,118778
09-12-2024,202.4178,118778
06-12-2024,201.7878,118778
05-12-2024,200.6842,118778
04-12-2024,199.9368,118778
03-12-2024,199.0944,118778
02-12-2024,197.6353,118778
29-11-2024,196.3322,118778
28-11-2024,195.1079,118778
27-11-2024,194.8871,118778
26-11-2024,192.8833,118778
25-11-2024,191.5274,118778
22-11-2024,188.5255,118778
21-11-2024,187.1249,118778
19-11-2024,188.481,118778
18-11-2024,186.4852,118778
14-11-2024,187.4261,118778
13-11-2024,186.2682,118778
12-11-2024,191.3666,118778
11-11-2024,194.1352,118778
08-11-2024,196.119,118778
07-11-2024,198.857,118778
06-11-2024,199.9444,118778
05-11-2024,196.5418,118778
04-11-2024,195.6998,118778
31-10-2024,196.9244,118778
30-10-2024,194.3323,118778
29-10-2024,192.8632,118778
28-10-2024,191.2719,118778
25-10-2024,189.945,118778
24-10-2024,193.403,118778
23-10-2024,194.4382,118778
22-10-2024,193.3281,118778
21-10-2024,199.4625,118778
18-10-2024,201.6568,118778
17-10-2024,201.4949,118778
16-10-2024,204.103,118778
15-10-2024,203.9201,118778
14-10-2024,201.9278,118778
11-10-2024,201.5145,118778
10-10-2024,201.0507,118778
09-10-2024,200.0334,118778
08-10-2024,197.7194,118778
07-10-2024,193.6749,118778
04-10-2024,198.5774,118778
03-10-2024,200.0738,118778
01-10-2024,203.7871,118778
30-09-2024,202.8565,118778
27-09-2024,203.3984,118778
26-09-2024,202.5726,118778
25-09-2024,203.3902,118778
24-09-2024,204.3979,118778
23-09-2024,203.842,118778
20-09-2024,202.2025,118778
19-09-2024,200.4964,118778
18-09-2024,202.0666,118778
17-09-2024,202.9164,118778
16-09-2024,203.0102,118778
13-09-2024,202.7166,118778
12-09-2024,201.8238,118778
11-09-2024,200.1051,118778
10-09-2024,201.0132,118778
09-09-2024,199.0,118778
06-09-2024,200.0807,118778
05-09-2024,201.6598,118778
04-09-2024,200.702,118778
03-09-2024,200.6112,118778
02-09-2024,199.7618,118778
30-08-2024,200.4252,118778
29-08-2024,198.7354,118778
28-08-2024,199.9176,118778
27-08-2024,200.7656,118778
26-08-2024,199.5598,118778
23-08-2024,199.384,118778
22-08-2024,199.0173,118778
21-08-2024,198.3614,118778
20-08-2024,196.5465,118778
19-08-2024,195.0299,118778
16-08-2024,193.6156,118778
14-08-2024,190.0149,118778
13-08-2024,191.5811,118778
12-08-2024,193.8841,118778
09-08-2024,193.6732,118778
08-08-2024,192.4261,118778
07-08-2024,193.9231,118778
06-08-2024,189.9099,118778
05-08-2024,190.3295,118778
02-08-2024,197.4431,118778
01-08-2024,199.0657,118778
31-07-2024,200.256,118778
30-07-2024,200.2499,118778
29-07-2024,199.1827,118778
26-07-2024,196.9245,118778
25-07-2024,194.9216,118778
24-07-2024,194.5552,118778
23-07-2024,191.831,118778
22-07-2024,192.1619,118778
19-07-2024,190.7954,118778
18-07-2024,194.7569,118778
16-07-2024,196.1623,118778
15-07-2024,195.7216,118778
12-07-2024,195.3504,118778
11-07-2024,195.586,118778
10-07-2024,194.6474,118778
09-07-2024,195.833,118778
08-07-2024,195.7025,118778
05-07-2024,195.9112,118778
04-07-2024,195.2171,118778
03-07-2024,194.0379,118778
02-07-2024,192.1864,118778
01-07-2024,191.9297,118778
28-06-2024,188.6347,118778
27-06-2024,187.773,118778
26-06-2024,188.5689,118778
25-06-2024,188.1461,118778
24-06-2024,188.3135,118778
21-06-2024,187.4747,118778
20-06-2024,187.8404,118778
19-06-2024,187.3135,118778
18-06-2024,188.5231,118778
14-06-2024,186.6858,118778
13-06-2024,185.0746,118778
12-06-2024,183.5794,118778
11-06-2024,181.7627,118778
10-06-2024,180.0195,118778
07-06-2024,178.2514,118778
06-06-2024,174.5562,118778
05-06-2024,169.9509,118778
04-06-2024,165.0225,118778
03-06-2024,177.3014,118778
31-05-2024,173.5817,118778
30-05-2024,172.8722,118778
29-05-2024,174.4545,118778
28-05-2024,174.6468,118778
27-05-2024,176.1995,118778
24-05-2024,176.6637,118778
23-05-2024,176.4494,118778
22-05-2024,175.9955,118778
21-05-2024,175.6528,118778
17-05-2024,175.3314,118778
16-05-2024,173.2875,118778
15-05-2024,170.9133,118778
14-05-2024,168.6839,118778
13-05-2024,166.075,118778
10-05-2024,165.9304,118778
09-05-2024,164.7741,118778
08-05-2024,168.4069,118778
07-05-2024,167.3441,118778
06-05-2024,169.4673,118778
03-05-2024,171.073,118778
02-05-2024,172.0425,118778
30-04-2024,171.2982,118778
29-04-2024,170.5501,118778
26-04-2024,169.8509,118778
25-04-2024,168.9917,118778
24-04-2024,167.452,118778
23-04-2024,166.4741,118778
22-04-2024,165.0494,118778
19-04-2024,162.5213,118778
18-04-2024,162.2838,118778
16-04-2024,162.1146,118778
15-04-2024,161.4576,118778
12-04-2024,163.4234,118778
10-04-2024,164.1548,118778
09-04-2024,163.1307,118778
08-04-2024,163.5753,118778
05-04-2024,163.1879,118778
04-04-2024,162.6597,118778
03-04-2024,162.1663,118778
02-04-2024,161.1715,118778
01-04-2024,160.0209,118778
31-03-2024,156.6802,118778
28-03-2024,156.6865,118778
27-03-2024,156.1871,118778
26-03-2024,154.787,118778
22-03-2024,154.4184,118778
21-03-2024,152.7844,118778
20-03-2024,149.9006,118778
19-03-2024,149.8615,118778
18-03-2024,151.011,118778
15-03-2024,150.7737,118778
14-03-2024,150.5607,118778
13-03-2024,147.317,118778
12-03-2024,153.6732,118778
11-03-2024,155.8802,118778
07-03-2024,157.877,118778
06-03-2024,156.7795,118778
05-03-2024,159.0309,118778
04-03-2024,159.9229,118778
01-03-2024,159.4298,118778
29-02-2024,158.0429,118778
28-02-2024,157.7161,118778
27-02-2024,159.7161,118778
26-02-2024,160.1501,118778
23-02-2024,160.0406,118778
22-02-2024,158.9194,118778
21-02-2024,158.113,118778
20-02-2024,159.1954,118778
19-02-2024,159.3378,118778
16-02-2024,158.6344,118778
15-02-2024,157.2867,118778
14-02-2024,156.1241,118778
13-02-2024,155.0865,118778
12-02-2024,155.2485,118778
09-02-2024,158.8853,118778
08-02-2024,160.381,118778
07-02-2024,160.7976,118778
06-02-2024,160.5831,118778
05-02-2024,158.9129,118778
02-02-2024,159.1873,118778
01-02-2024,158.6193,118778
31-01-2024,159.0275,118778
30-01-2024,156.7187,118778
29-01-2024,156.9752,118778
25-01-2024,155.2562,118778
24-01-2024,154.8485,118778
23-01-2024,152.7461,118778
19-01-2024,155.9397,118778
18-01-2024,154.4545,118778
17-01-2024,154.7328,118778
16-01-2024,156.179,118778
15-01-2024,156.9365,118778
12-01-2024,156.3207,118778
11-01-2024,155.9043,118778
10-01-2024,155.0279,118778
09-01-2024,154.6437,118778
08-01-2024,154.3046,118778
05-01-2024,155.5271,118778
04-01-2024,154.9956,118778
03-01-2024,153.7974,118778
02-01-2024,153.7683,118778
01-01-2024,154.114,118778
29-12-2023,153.36,118778
28-12-2023,152.3802,118778
27-12-2023,152.4664,118778
26-12-2023,151.7412,118778
22-12-2023,151.2134,118778
21-12-2023,150.0073,118778
20-12-2023,147.9011,118778
19-12-2023,151.6282,118778
18-12-2023,151.532,118778
15-12-2023,150.7905,118778
14-12-2023,150.1747,118778
13-12-2023,149.1483,118778
12-12-2023,148.2283,118778
11-12-2023,148.694,118778
08-12-2023,147.2596,118778
07-12-2023,147.9904,118778
06-12-2023,147.9287,118778
05-12-2023,147.7795,118778
04-12-2023,147.5261,118778
01-12-2023,145.6354,118778
30-11-2023,145.0677,118778
29-11-2023,143.8786,118778
28-11-2023,143.0706,118778
24-11-2023,142.826,118778
23-11-2023,142.6043,118778
22-11-2023,142.5233,118778
21-11-2023,142.0466,118778
20-11-2023,141.7983,118778
17-11-2023,141.1381,118778
16-11-2023,140.6072,118778
15-11-2023,140.3284,118778
13-11-2023,139.1326,118778
10-11-2023,137.8429,118778
09-11-2023,137.5177,118778
08-11-2023,137.7303,118778
07-11-2023,137.106,118778
06-11-2023,137.0981,118778
03-11-2023,135.9466,118778
02-11-2023,134.7993,118778
01-11-2023,133.6674,118778
31-10-2023,133.7793,118778
30-10-2023,133.6865,118778
27-10-2023,133.2994,118778
26-10-2023,130.9224,118778
25-10-2023,131.3288,118778
23-10-2023,132.4422,118778
20-10-2023,137.0188,118778
19-10-2023,137.6961,118778
18-10-2023,137.7805,118778
17-10-2023,138.2678,118778
16-10-2023,137.6497,118778
13-10-2023,137.2169,118778
12-10-2023,137.3678,118778
11-10-2023,136.7425,118778
10-10-2023,135.9056,118778
09-10-2023,134.4442,118778
06-10-2023,136.3257,118778
05-10-2023,135.5526,118778
04-10-2023,134.8223,118778
03-10-2023,136.1616,118778
29-09-2023,135.5188,118778
27-09-2023,135.4432,118778
26-09-2023,134.7757,118778
25-09-2023,134.2018,118778
22-09-2023,133.8741,118778
21-09-2023,134.0122,118778
20-09-2023,135.289,118778
18-09-2023,136.1308,118778
15-09-2023,136.9953,118778
14-09-2023,137.0399,118778
13-09-2023,136.023,118778
12-09-2023,134.851,118778
11-09-2023,139.7459,118778
08-09-2023,138.5435,118778
07-09-2023,137.6034,118778
06-09-2023,137.1979,118778
05-09-2023,137.2798,118778
04-09-2023,136.2079,118778
01-09-2023,134.8962,118778
31-08-2023,133.7825,118778
30-08-2023,132.5529,118778
29-08-2023,131.7301,118778
28-08-2023,131.108,118778
25-08-2023,130.3601,118778
24-08-2023,130.4795,118778
23-08-2023,130.7615,118778
22-08-2023,130.0389,118778
21-08-2023,128.8331,118778
18-08-2023,127.9759,118778
17-08-2023,128.2248,118778
16-08-2023,127.6251,118778
14-08-2023,127.9856,118778
11-08-2023,128.703,118778
10-08-2023,128.8397,118778
09-08-2023,129.1393,118778
08-08-2023,128.8424,118778
07-08-2023,127.5925,118778
04-08-2023,127.2392,118778
03-08-2023,126.6237,118778
02-08-2023,126.5429,118778
01-08-2023,127.9481,118778
31-07-2023,127.6549,118778
28-07-2023,126.3004,118778
27-07-2023,125.8473,118778
26-07-2023,125.9138,118778
25-07-2023,125.5639,118778
24-07-2023,125.3154,118778
21-07-2023,125.0709,118778
20-07-2023,125.2529,118778
19-07-2023,125.0259,118778
18-07-2023,124.0586,118778
17-07-2023,124.6549,118778
14-07-2023,123.6655,118778
13-07-2023,122.7141,118778
12-07-2023,123.2185,118778
11-07-2023,122.5134,118778
10-07-2023,121.5571,118778
07-07-2023,121.7425,118778
06-07-2023,122.107,118778
05-07-2023,121.3495,118778
04-07-2023,120.6521,118778
03-07-2023,120.7581,118778
30-06-2023,120.168,118778
28-06-2023,119.5648,118778
27-06-2023,119.3746,118778
26-06-2023,118.6773,118778
23-06-2023,118.1166,118778
22-06-2023,119.2473,118778
21-06-2023,119.7809,118778
20-06-2023,118.9501,118778
19-06-2023,118.4654,118778
16-06-2023,118.1254,118778
15-06-2023,117.1728,118778
14-06-2023,116.9403,118778
13-06-2023,116.7067,118778
12-06-2023,116.3771,118778
09-06-2023,115.9835,118778
08-06-2023,115.9026,118778
07-06-2023,116.5335,118778
06-06-2023,115.3634,118778
05-06-2023,114.7208,118778
02-06-2023,113.9127,118778
01-06-2023,113.2503,118778
31-05-2023,112.6206,118778
30-05-2023,111.7084,118778
29-05-2023,111.3741,118778
26-05-2023,110.9613,118778
25-05-2023,110.4188,118778
24-05-2023,110.1973,118778
23-05-2023,110.052,118778
22-05-2023,110.1053,118778
19-05-2023,109.4846,118778
18-05-2023,109.471,118778
17-05-2023,109.6044,118778
16-05-2023,109.1744,118778
15-05-2023,109.0849,118778
12-05-2023,108.6203,118778
11-05-2023,108.6425,118778
10-05-2023,108.0039,118778
09-05-2023,107.4416,118778
08-05-2023,107.7804,118778
05-05-2023,106.9571,118778
04-05-2023,107.287,118778
03-05-2023,106.6082,118778
02-05-2023,106.1675,118778
28-04-2023,105.4929,118778
27-04-2023,104.6137,118778
26-04-2023,104.1453,118778
25-04-2023,103.936,118778
24-04-2023,103.7911,118778
21-04-2023,103.4491,118778
20-04-2023,103.5718,118778
19-04-2023,103.5013,118778
18-04-2023,103.4451,118778
17-04-2023,103.2715,118778
13-04-2023,103.1198,118778
12-04-2023,102.8043,118778
11-04-2023,102.4843,118778
10-04-2023,101.96,118778
06-04-2023,101.9242,118778
05-04-2023,101.4682,118778
03-04-2023,100.5273,118778
31-03-2023,100.0587,118778
29-03-2023,98.6961,118778
28-03-2023,97.2487,118778
27-03-2023,97.743,118778
24-03-2023,98.8382,118778
23-03-2023,99.8301,118778
22-03-2023,100.0065,118778
21-03-2023,99.2468,118778
20-03-2023,98.6903,118778
17-03-2023,99.5777,118778
16-03-2023,99.0831,118778
15-03-2023,99.7086,118778
14-03-2023,99.4576,118778
13-03-2023,100.1494,118778
10-03-2023,102.0927,118778
09-03-2023,102.6873,118778
08-03-2023,102.9371,118778
06-03-2023,102.3255,118778
03-03-2023,101.498,118778
02-03-2023,100.7326,118778
01-03-2023,100.8963,118778
28-02-2023,99.6774,118778
27-02-2023,99.2846,118778
24-02-2023,100.3655,118778
23-02-2023,100.2135,118778
22-02-2023,99.9949,118778
21-02-2023,101.3181,118778
20-02-2023,101.5017,118778
17-02-2023,101.5899,118778
16-02-2023,101.799,118778
15-02-2023,101.0151,118778
14-02-2023,100.5058,118778
13-02-2023,100.796,118778
10-02-2023,101.6462,118778
09-02-2023,101.0803,118778
08-02-2023,101.1285,118778
07-02-2023,100.6953,118778
06-02-2023,100.423,118778
03-02-2023,100.034,118778
02-02-2023,100.0028,118778
01-02-2023,99.6408,118778
31-01-2023,100.6416,118778
30-01-2023,98.3418,118778
27-01-2023,98.3797,118778
25-01-2023,100.212,118778
24-01-2023,101.1681,118778
23-01-2023,101.4106,118778
20-01-2023,101.7335,118778
19-01-2023,102.1771,118778
18-01-2023,102.2587,118778
17-01-2023,102.0258,118778
16-01-2023,101.8293,118778
13-01-2023,102.2952,118778
12-01-2023,102.0545,118778
11-01-2023,101.8938,118778
10-01-2023,101.8009,118778
09-01-2023,102.3057,118778
06-01-2023,101.6315,118778
05-01-2023,102.1734,118778
04-01-2023,102.0671,118778
03-01-2023,102.9117,118778
02-01-2023,102.7552,118778
30-12-2022,102.1231,118778
29-12-2022,101.4831,118778
28-12-2022,101.3164,118778
27-12-2022,101.0209,118778
26-12-2022,99.6852,118778
23-12-2022,97.3391,118778
22-12-2022,100.7884,118778
21-12-2022,102.1389,118778
20-12-2022,104.1153,118778
19-12-2022,104.2345,118778
16-12-2022,103.9563,118778
15-12-2022,104.813,118778
14-12-2022,105.5187,118778
13-12-2022,105.1136,118778
12-12-2022,104.7132,118778
09-12-2022,104.2971,118778
08-12-2022,105.0844,118778
07-12-2022,104.7023,118778
06-12-2022,105.0676,118778
05-12-2022,105.3053,118778
02-12-2022,105.2059,118778
01-12-2022,104.5157,118778
30-11-2022,103.9303,118778
29-11-2022,103.3796,118778
28-11-2022,103.8336,118778
25-11-2022,103.1764,118778
24-11-2022,102.5257,118778
23-11-2022,101.8403,118778
22-11-2022,101.2705,118778
21-11-2022,101.3299,118778
18-11-2022,101.4568,118778
17-11-2022,101.5981,118778
16-11-2022,101.4766,118778
15-11-2022,101.2859,118778
14-11-2022,101.0752,118778
11-11-2022,101.008,118778
10-11-2022,100.4298,118778
09-11-2022,101.5467,118778
07-11-2022,102.1297,118778
04-11-2022,101.5894,118778
03-11-2022,101.6829,118778
02-11-2022,101.4592,118778
01-11-2022,101.3595,118778
31-10-2022,101.0978,118778
28-10-2022,100.4019,118778
27-10-2022,101.1988,118778
25-10-2022,100.9836,118778
21-10-2022,99.8107,118778
20-10-2022,100.5518,118778
19-10-2022,100.5343,118778
18-10-2022,100.5169,118778
17-10-2022,99.529,118778
14-10-2022,99.5692,118778
13-10-2022,99.7704,118778
12-10-2022,100.1956,118778
11-10-2022,99.811,118778
10-10-2022,101.0998,118778
07-10-2022,101.6316,118778
06-10-2022,101.1513,118778
04-10-2022,99.8459,118778
03-10-2022,98.5542,118778
30-09-2022,99.2356,118778
29-09-2022,97.5094,118778
28-09-2022,97.1906,118778
27-09-2022,97.422,118778
26-09-2022,97.0152,118778
23-09-2022,99.8747,118778
22-09-2022,101.5262,118778
21-09-2022,101.2369,118778
20-09-2022,101.723,118778
19-09-2022,100.4845,118778
16-09-2022,100.7638,118778
15-09-2022,103.107,118778
14-09-2022,103.058,118778
13-09-2022,103.0445,118778
12-09-2022,102.7638,118778
09-09-2022,101.5311,118778
08-09-2022,101.1741,118778
07-09-2022,100.4986,118778
06-09-2022,99.758,118778
05-09-2022,99.6033,118778
02-09-2022,98.7071,118778
01-09-2022,98.7009,118778
30-08-2022,98.0566,118778
29-08-2022,96.7863,118778
26-08-2022,97.0813,118778
25-08-2022,96.3567,118778
24-08-2022,96.3015,118778
23-08-2022,95.6354,118778
22-08-2022,94.7991,118778
19-08-2022,95.6356,118778
18-08-2022,96.3548,118778
17-08-2022,96.0551,118778
16-08-2022,95.65,118778
12-08-2022,95.1915,118778
11-08-2022,95.0861,118778
10-08-2022,94.5997,118778
08-08-2022,94.5668,118778
05-08-2022,94.2702,118778
04-08-2022,94.1877,118778
03-08-2022,94.2398,118778
02-08-2022,94.4625,118778
01-08-2022,94.2734,118778
29-07-2022,93.1519,118778
28-07-2022,92.0497,118778
27-07-2022,91.5212,118778
26-07-2022,91.3472,118778
25-07-2022,92.1774,118778
22-07-2022,92.1222,118778
21-07-2022,92.0259,118778
20-07-2022,91.0946,118778
19-07-2022,90.6444,118778
18-07-2022,89.6026,118778
15-07-2022,88.4773,118778
14-07-2022,88.0409,118778
13-07-2022,88.4469,118778
12-07-2022,88.3619,118778
11-07-2022,88.8315,118778
08-07-2022,88.3659,118778
07-07-2022,87.7502,118778
06-07-2022,86.7766,118778
05-07-2022,86.0526,118778
04-07-2022,85.8618,118778
01-07-2022,85.2,118778
30-06-2022,85.2665,118778
29-06-2022,85.5723,118778
28-06-2022,85.7289,118778
27-06-2022,85.2164,118778
24-06-2022,83.6732,118778
23-06-2022,82.2678,118778
22-06-2022,81.5579,118778
21-06-2022,82.3061,118778
20-06-2022,80.3591,118778
17-06-2022,82.054,118778
16-06-2022,82.6698,118778
15-06-2022,84.8192,118778
14-06-2022,84.1267,118778
13-06-2022,84.0258,118778
10-06-2022,86.436,118778
09-06-2022,87.0174,118778
08-06-2022,86.8341,118778
07-06-2022,87.1957,118778
06-06-2022,87.8011,118778
03-06-2022,88.4882,118778
02-06-2022,89.2892,118778
01-06-2022,88.8005,118778
31-05-2022,87.9753,118778
30-05-2022,87.0891,118778
27-05-2022,85.0806,118778
26-05-2022,83.6924,118778
25-05-2022,82.8762,118778
24-05-2022,85.2233,118778
23-05-2022,86.1384,118778
20-05-2022,86.6421,118778
19-05-2022,85.2296,118778
18-05-2022,87.258,118778
17-05-2022,87.0087,118778
16-05-2022,84.7568,118778
13-05-2022,83.9039,118778
12-05-2022,83.0261,118778
11-05-2022,84.8233,118778
10-05-2022,86.4092,118778
09-05-2022,87.9328,118778
06-05-2022,89.4521,118778
05-05-2022,91.2593,118778
04-05-2022,91.4891,118778
02-05-2022,93.5737,118778
29-04-2022,94.5293,118778
28-04-2022,95.4119,118778
27-04-2022,94.9042,118778
26-04-2022,95.2715,118778
25-04-2022,94.2719,118778
22-04-2022,95.8345,118778
21-04-2022,96.111,118778
20-04-2022,94.7545,118778
19-04-2022,94.6327,118778
18-04-2022,96.0243,118778
13-04-2022,97.0702,118778
12-04-2022,96.4762,118778
11-04-2022,97.5777,118778
08-04-2022,97.5277,118778
07-04-2022,96.4762,118778
06-04-2022,96.8101,118778
05-04-2022,96.3879,118778
04-04-2022,95.455,118778
01-04-2022,94.1589,118778
31-03-2022,92.9545,118778
30-03-2022,92.4379,118778
29-03-2022,91.157,118778
28-03-2022,90.534,118778
25-03-2022,90.849,118778
24-03-2022,91.4078,118778
23-03-2022,91.5816,118778
22-03-2022,91.8017,118778
21-03-2022,91.278,118778
17-03-2022,90.4876,118778
16-03-2022,89.4707,118778
15-03-2022,88.2381,118778
14-03-2022,89.2322,118778
11-03-2022,88.6415,118778
10-03-2022,87.7808,118778
09-03-2022,86.6645,118778
08-03-2022,85.03,118778
07-03-2022,84.0231,118778
04-03-2022,85.591,118778
03-03-2022,87.2041,118778
02-03-2022,87.0627,118778
28-02-2022,87.3533,118778
25-02-2022,87.0849,118778
24-02-2022,83.6577,118778
23-02-2022,88.1148,118778
22-02-2022,87.2866,118778
21-02-2022,88.4796,118778
18-02-2022,89.9651,118778
17-02-2022,90.6393,118778
16-02-2022,91.0311,118778
15-02-2022,90.6879,118778
14-02-2022,88.4636,118778
11-02-2022,92.408,118778
10-02-2022,94.1048,118778
09-02-2022,94.0961,118778
08-02-2022,93.5799,118778
07-02-2022,94.5696,118778
04-02-2022,95.4722,118778
03-02-2022,95.6616,118778
02-02-2022,96.094,118778
01-02-2022,94.8302,118778
31-01-2022,93.9918,118778
28-01-2022,92.7489,118778
27-01-2022,92.2698,118778
25-01-2022,93.0392,118778
24-01-2022,92.0507,118778
21-01-2022,96.4195,118778
20-01-2022,98.5347,118778
19-01-2022,98.7872,118778
18-01-2022,98.9829,118778
17-01-2022,100.9424,118778
14-01-2022,100.1494,118778
13-01-2022,99.6433,118778
12-01-2022,99.1533,118778
11-01-2022,98.3547,118778
10-01-2022,98.4593,118778
07-01-2022,97.3225,118778
06-01-2022,96.6556,118778
05-01-2022,96.7149,118778
04-01-2022,97.1037,118778
03-01-2022,96.4493,118778
31-12-2021,94.9717,118778
30-12-2021,94.1683,118778
29-12-2021,94.2021,118778
28-12-2021,93.7442,118778
27-12-2021,91.9479,118778
24-12-2021,91.3089,118778
23-12-2021,91.7322,118778
22-12-2021,90.9911,118778
21-12-2021,89.4953,118778
20-12-2021,88.153,118778
17-12-2021,90.9058,118778
16-12-2021,92.7212,118778
15-12-2021,93.1309,118778
14-12-2021,93.2445,118778
13-12-2021,93.1151,118778
10-12-2021,92.4852,118778
09-12-2021,91.835,118778
08-12-2021,91.4421,118778
07-12-2021,90.2399,118778
06-12-2021,89.2112,118778
03-12-2021,90.4343,118778
02-12-2021,90.2546,118778
01-12-2021,89.3469,118778
30-11-2021,89.1012,118778
29-11-2021,87.5879,118778
26-11-2021,89.4366,118778
25-11-2021,92.2212,118778
24-11-2021,91.3372,118778
23-11-2021,90.6047,118778
22-11-2021,89.18,118778
18-11-2021,91.8004,118778
17-11-2021,93.3562,118778
16-11-2021,93.3874,118778
15-11-2021,92.9644,118778
12-11-2021,92.6559,118778
11-11-2021,92.4683,118778
10-11-2021,92.4811,118778
09-11-2021,91.9116,118778
08-11-2021,91.5243,118778
03-11-2021,89.5711,118778
02-11-2021,89.7822,118778
01-11-2021,88.6089,118778
29-10-2021,87.6161,118778
28-10-2021,87.6892,118778
27-10-2021,89.2377,118778
26-10-2021,88.7964,118778
25-10-2021,86.5984,118778
22-10-2021,88.2321,118778
21-10-2021,89.1129,118778
20-10-2021,90.2095,118778
19-10-2021,92.7501,118778
18-10-2021,93.9295,118778
14-10-2021,93.2095,118778
13-10-2021,92.8896,118778
12-10-2021,92.3272,118778
11-10-2021,92.1055,118778
08-10-2021,91.7163,118778
07-10-2021,90.5912,118778
06-10-2021,89.623,118778
05-10-2021,90.0221,118778
04-10-2021,89.6665,118778
01-10-2021,88.1773,118778
30-09-2021,88.0434,118778
29-09-2021,87.4637,118778
28-09-2021,87.2249,118778
27-09-2021,87.8059,118778
24-09-2021,88.3762,118778
23-09-2021,88.1305,118778
22-09-2021,87.4014,118778
21-09-2021,86.8307,118778
20-09-2021,86.5599,118778
17-09-2021,88.1974,118778
16-09-2021,88.7277,118778
15-09-2021,88.887,118778
14-09-2021,87.8499,118778
13-09-2021,87.465,118778
09-09-2021,86.8625,118778
08-09-2021,86.3261,118778
07-09-2021,85.8746,118778
06-09-2021,85.7657,118778
03-09-2021,85.2063,118778
02-09-2021,84.9964,118778
01-09-2021,84.2435,118778
31-08-2021,84.3877,118778
30-08-2021,83.7479,118778
27-08-2021,82.1517,118778
26-08-2021,81.48,118778
25-08-2021,81.1731,118778
24-08-2021,80.88,118778
23-08-2021,79.7998,118778
20-08-2021,80.8135,118778
18-08-2021,82.3912,118778
17-08-2021,82.6083,118778
16-08-2021,82.6423,118778
13-08-2021,83.1732,118778
12-08-2021,83.0268,118778
11-08-2021,81.4055,118778
10-08-2021,81.7863,118778
09-08-2021,83.2741,118778
06-08-2021,83.6276,118778
05-08-2021,83.6888,118778
04-08-2021,83.7065,118778
03-08-2021,84.7551,118778
02-08-2021,84.344,118778
30-07-2021,83.7178,118778
29-07-2021,83.4881,118778
28-07-2021,82.6451,118778
27-07-2021,82.9793,118778
26-07-2021,83.1495,118778
23-07-2021,82.8264,118778
22-07-2021,82.6404,118778
20-07-2021,81.539,118778
19-07-2021,82.5801,118778
16-07-2021,82.7359,118778
15-07-2021,82.2027,118778
14-07-2021,81.6936,118778
13-07-2021,81.3928,118778
12-07-2021,80.5995,118778
09-07-2021,80.1952,118778
08-07-2021,79.8657,118778
07-07-2021,80.0073,118778
06-07-2021,79.6488,118778
05-07-2021,80.0213,118778
02-07-2021,79.258,118778
01-07-2021,78.3409,118778
30-06-2021,77.818,118778
29-06-2021,77.0479,118778
28-06-2021,76.9156,118778
25-06-2021,76.6054,118778
24-06-2021,76.1903,118778
23-06-2021,76.2857,118778
22-06-2021,76.2925,118778
21-06-2021,75.7369,118778
18-06-2021,75.4514,118778
17-06-2021,76.1084,118778
16-06-2021,76.3912,118778
15-06-2021,76.9729,118778
14-06-2021,76.693,118778
11-06-2021,76.7007,118778
10-06-2021,76.4326,118778
09-06-2021,75.4718,118778
08-06-2021,76.2031,118778
07-06-2021,75.3611,118778
04-06-2021,74.4317,118778
03-06-2021,73.944,118778
02-06-2021,73.2209,118778
01-06-2021,72.4304,118778
31-05-2021,72.9427,118778
28-05-2021,72.6938,118778
27-05-2021,72.8879,118778
26-05-2021,72.3311,118778
25-05-2021,71.9205,118778
24-05-2021,71.918,118778
21-05-2021,71.414,118778
20-05-2021,71.2713,118778
19-05-2021,71.0456,118778
18-05-2021,70.5321,118778
17-05-2021,69.7468,118778
14-05-2021,68.6482,118778
12-05-2021,69.3099,118778
11-05-2021,69.5276,118778
10-05-2021,69.1552,118778
07-05-2021,68.5838,118778
06-05-2021,68.7647,118778
05-05-2021,68.5281,118778
04-05-2021,67.9539,118778
03-05-2021,68.5099,118778
30-04-2021,67.2137,118778
29-04-2021,67.1829,118778
28-04-2021,66.9318,118778
27-04-2021,66.1876,118778
26-04-2021,65.3961,118778
23-04-2021,64.8459,118778
22-04-2021,64.5696,118778
20-04-2021,64.0918,118778
19-04-2021,63.7685,118778
16-04-2021,64.54,118778
15-04-2021,63.8082,118778
13-04-2021,63.9933,118778
12-04-2021,63.2106,118778
09-04-2021,66.3294,118778
08-04-2021,66.0653,118778
07-04-2021,65.4634,118778
06-04-2021,64.6124,118778
05-04-2021,64.0751,118778
01-04-2021,64.9797,118778
31-03-2021,63.935,118778
30-03-2021,63.3914,118778
26-03-2021,62.5491,118778
25-03-2021,61.7086,118778
24-03-2021,62.8858,118778
23-03-2021,63.851,118778
22-03-2021,63.273,118778
19-03-2021,62.9917,118778
18-03-2021,62.608,118778
17-03-2021,63.5226,118778
16-03-2021,65.0436,118778
15-03-2021,64.7533,118778
12-03-2021,65.1094,118778
10-03-2021,65.0005,118778
09-03-2021,64.3209,118778
08-03-2021,64.3105,118778
05-03-2021,64.0828,118778
04-03-2021,65.2266,118778
03-03-2021,64.69,118778
02-03-2021,64.0334,118778
01-03-2021,62.7583,118778
26-02-2021,61.462,118778
25-02-2021,62.0977,118778
24-02-2021,61.5004,118778
23-02-2021,60.804,118778
22-02-2021,60.4374,118778
19-02-2021,61.1359,118778
18-02-2021,61.5803,118778
17-02-2021,61.2674,118778
16-02-2021,60.8337,118778
15-02-2021,60.743,118778
12-02-2021,60.4006,118778
11-02-2021,60.3859,118778
10-02-2021,59.3624,118778
09-02-2021,59.1074,118778
08-02-2021,59.1998,118778
05-02-2021,58.1143,118778
04-02-2021,57.6133,118778
03-02-2021,56.7949,118778
02-02-2021,55.8121,118778
01-02-2021,55.2887,118778
29-01-2021,53.9911,118778
28-01-2021,54.0773,118778
27-01-2021,54.245,118778
25-01-2021,54.5016,118778
22-01-2021,55.139,118778
21-01-2021,55.6336,118778
20-01-2021,55.9987,118778
19-01-2021,55.7284,118778
18-01-2021,54.9495,118778
15-01-2021,55.863,118778
14-01-2021,56.3147,118778
13-01-2021,56.3828,118778
12-01-2021,56.3683,118778
11-01-2021,56.3357,118778
08-01-2021,56.5561,118778
07-01-2021,56.1361,118778
06-01-2021,55.6925,118778
05-01-2021,55.6107,118778
04-01-2021,55.3149,118778
01-01-2021,54.5428,118778
31-12-2020,54.0025,118778
30-12-2020,53.7607,118778
29-12-2020,53.6006,118778
28-12-2020,53.4773,118778
24-12-2020,52.7761,118778
23-12-2020,52.5325,118778
22-12-2020,51.2542,118778
21-12-2020,50.6999,118778
18-12-2020,53.0396,118778
17-12-2020,53.1568,118778
16-12-2020,53.0849,118778
15-12-2020,52.5037,118778
14-12-2020,52.4013,118778
11-12-2020,52.0163,118778
10-12-2020,51.7909,118778
09-12-2020,51.9511,118778
08-12-2020,51.6608,118778
07-12-2020,52.13,118778
04-12-2020,51.592,118778
03-12-2020,51.3248,118778
02-12-2020,50.9452,118778
01-12-2020,50.8939,118778
27-11-2020,50.3139,118778
26-11-2020,49.0635,118778
25-11-2020,48.8291,118778
24-11-2020,49.4119,118778
23-11-2020,49.1031,118778
20-11-2020,48.5835,118778
19-11-2020,48.1499,118778
18-11-2020,48.2542,118778
17-11-2020,47.8369,118778
13-11-2020,47.0735,118778
12-11-2020,46.6131,118778
11-11-2020,46.1118,118778
10-11-2020,45.7965,118778
09-11-2020,46.0497,118778
06-11-2020,45.5951,118778
05-11-2020,45.3123,118778
04-11-2020,44.493,118778
03-11-2020,44.4157,118778
02-11-2020,44.2321,118778
30-10-2020,44.5895,118778
29-10-2020,44.5415,118778
28-10-2020,44.657,118778
27-10-2020,44.9812,118778
26-10-2020,44.7327,118778
23-10-2020,45.0779,118778
22-10-2020,44.6417,118778
21-10-2020,44.3429,118778
20-10-2020,44.4056,118778
19-10-2020,44.4143,118778
16-10-2020,44.1108,118778
15-10-2020,43.8095,118778
14-10-2020,44.5618,118778
13-10-2020,44.2857,118778
12-10-2020,44.3257,118778
09-10-2020,44.6601,118778
08-10-2020,44.6261,118778
07-10-2020,45.0376,118778
06-10-2020,45.4298,118778
05-10-2020,45.3568,118778
01-10-2020,45.4543,118778
30-09-2020,45.3725,118778
29-09-2020,45.2225,118778
28-09-2020,45.2174,118778
25-09-2020,44.25,118778
24-09-2020,43.3934,118778
23-09-2020,44.3597,118778
22-09-2020,44.4785,118778
21-09-2020,44.8936,118778
18-09-2020,46.7456,118778
17-09-2020,46.9242,118778
16-09-2020,47.1192,118778
15-09-2020,46.8597,118778
14-09-2020,46.0574,118778
11-09-2020,44.0391,118778
10-09-2020,43.9806,118778
09-09-2020,43.2689,118778
08-09-2020,43.775,118778
07-09-2020,44.1592,118778
04-09-2020,44.2462,118778
03-09-2020,44.7187,118778
02-09-2020,44.4226,118778
01-09-2020,43.8437,118778
31-08-2020,43.646,118778
28-08-2020,45.7478,118778
27-08-2020,45.9582,118778
26-08-2020,45.9379,118778
25-08-2020,45.3978,118778
24-08-2020,45.1885,118778
21-08-2020,44.1043,118778
20-08-2020,43.333,118778
19-08-2020,43.0216,118778
18-08-2020,42.5446,118778
17-08-2020,42.1297,118778
14-08-2020,41.8055,118778
13-08-2020,42.2192,118778
12-08-2020,41.6825,118778
11-08-2020,41.5439,118778
10-08-2020,41.4891,118778
07-08-2020,40.8994,118778
06-08-2020,40.4057,118778
05-08-2020,40.0854,118778
04-08-2020,39.7385,118778
03-08-2020,39.2562,118778
31-07-2020,38.9123,118778
30-07-2020,38.5612,118778
29-07-2020,38.918,118778
28-07-2020,38.8511,118778
27-07-2020,38.5451,118778
24-07-2020,38.9349,118778
23-07-2020,38.984,118778
22-07-2020,38.6639,118778
21-07-2020,38.7288,118778
20-07-2020,38.5478,118778
17-07-2020,38.2583,118778
16-07-2020,37.7763,118778
15-07-2020,37.7238,118778
14-07-2020,37.7833,118778
13-07-2020,38.0607,118778
10-07-2020,38.1472,118778
09-07-2020,38.3579,118778
08-07-2020,38.0916,118778
07-07-2020,38.1269,118778
06-07-2020,38.0173,118778
03-07-2020,37.3838,118778
02-07-2020,37.3008,118778
01-07-2020,37.0935,118778
30-06-2020,37.0013,118778
29-06-2020,37.1191,118778
26-06-2020,37.4087,118778
25-06-2020,37.2629,118778
24-06-2020,37.1197,118778
23-06-2020,37.4999,118778
22-06-2020,36.8749,118778
19-06-2020,36.4925,118778
18-06-2020,35.8671,118778
17-06-2020,35.4446,118778
16-06-2020,35.1779,118778
15-06-2020,35.1595,118778
12-06-2020,35.0847,118778
11-06-2020,35.0666,118778
10-06-2020,35.5519,118778
09-06-2020,35.3971,118778
08-06-2020,35.7295,118778
05-06-2020,35.433,118778
04-06-2020,34.7122,118778
03-06-2020,34.5723,118778
02-06-2020,34.1451,118778
01-06-2020,33.625,118778
29-05-2020,32.8181,118778
28-05-2020,32.3973,118778
27-05-2020,31.9293,118778
26-05-2020,31.6236,118778
22-05-2020,31.4312,118778
21-05-2020,31.6352,118778
20-05-2020,31.3352,118778
19-05-2020,30.9759,118778
18-05-2020,31.1193,118778
15-05-2020,32.0878,118778
14-05-2020,32.0231,118778
13-05-2020,32.238,118778
12-05-2020,31.6658,118778
11-05-2020,31.985,118778
08-05-2020,32.1511,118778
07-05-2020,32.5144,118778
06-05-2020,32.4658,118778
05-05-2020,32.3511,118778
04-05-2020,32.5819,118778
30-04-2020,33.5071,118778
29-04-2020,33.243,118778
28-04-2020,32.7561,118778
27-04-2020,32.6064,118778
24-04-2020,32.1731,118778
23-04-2020,32.7177,118778
22-04-2020,32.3121,118778
21-04-2020,32.0275,118778
20-04-2020,33.0351,118778
17-04-2020,32.6257,118778
16-04-2020,31.9044,118778
15-04-2020,31.3376,118778
13-04-2020,31.2908,118778
09-04-2020,31.6128,118778
08-04-2020,30.3582,118778
07-04-2020,29.7816,118778
03-04-2020,28.4268,118778
01-04-2020,28.6995,118778
31-03-2020,29.1479,118778
30-03-2020,28.1241,118778
27-03-2020,28.9338,118778
26-03-2020,28.6876,118778
25-03-2020,27.654,118778
24-03-2020,26.823,118778
23-03-2020,27.0878,118778
20-03-2020,30.8543,118778
19-03-2020,30.18,118778
18-03-2020,31.4149,118778
17-03-2020,33.497,118778
16-03-2020,34.3604,118778
13-03-2020,36.2752,118778
12-03-2020,35.672,118778
11-03-2020,38.7285,118778
09-03-2020,38.9735,118778
06-03-2020,40.7777,118778
05-03-2020,41.4008,118778
04-03-2020,41.1409,118778
03-03-2020,41.8489,118778
02-03-2020,41.4882,118778
28-02-2020,41.6951,118778
27-02-2020,43.4359,118778
26-02-2020,43.8455,118778
25-02-2020,44.2234,118778
24-02-2020,44.1454,118778
20-02-2020,44.9316,118778
19-02-2020,44.7076,118778
18-02-2020,44.0258,118778
17-02-2020,44.0987,118778
14-02-2020,44.4542,118778
13-02-2020,44.4588,118778
12-02-2020,44.5336,118778
11-02-2020,44.4459,118778
10-02-2020,44.3218,118778
07-02-2020,44.5715,118778
06-02-2020,44.5088,118778
05-02-2020,44.254,118778
04-02-2020,43.8847,118778
03-02-2020,43.2079,118778
31-01-2020,44.1082,118778
30-01-2020,44.189,118778
29-01-2020,44.6652,118778
28-01-2020,44.4756,118778
27-01-2020,44.5225,118778
24-01-2020,44.5654,118778
23-01-2020,44.448,118778
22-01-2020,44.193,118778
21-01-2020,44.2501,118778
20-01-2020,44.3645,118778
17-01-2020,44.6123,118778
16-01-2020,44.389,118778
15-01-2020,44.039,118778
14-01-2020,43.6431,118778
13-01-2020,43.2852,118778
10-01-2020,42.7904,118778
09-01-2020,42.4596,118778
08-01-2020,41.7311,118778
07-01-2020,41.7622,118778
06-01-2020,41.2846,118778
03-01-2020,42.2612,118778
02-01-2020,42.3014,118778
01-01-2020,41.6967,118778
31-12-2019,41.4306,118778
30-12-2019,41.3584,118778
27-12-2019,41.1545,118778
26-12-2019,40.7781,118778
24-12-2019,40.6617,118778
23-12-2019,40.5219,118778
20-12-2019,40.5406,118778
19-12-2019,40.4704,118778
18-12-2019,40.4682,118778
17-12-2019,40.4621,118778
16-12-2019,40.23,118778
13-12-2019,40.3322,118778
12-12-2019,40.0024,118778
11-12-2019,39.5782,118778
10-12-2019,39.6254,118778
09-12-2019,40.0313,118778
06-12-2019,40.2266,118778
05-12-2019,40.5712,118778
04-12-2019,40.6621,118778
03-12-2019,40.5904,118778
02-12-2019,40.831,118778
29-11-2019,41.0418,118778
28-11-2019,40.9837,118778
27-11-2019,40.8223,118778
26-11-2019,40.823,118778
25-11-2019,40.9322,118778
22-11-2019,40.7476,118778
21-11-2019,40.9366,118778
20-11-2019,40.9685,118778
19-11-2019,40.8726,118778
18-11-2019,40.884,118778
15-11-2019,40.8466,118778
14-11-2019,40.8551,118778
13-11-2019,40.8325,118778
11-11-2019,40.9101,118778
08-11-2019,40.7456,118778
07-11-2019,40.8195,118778
06-11-2019,40.7429,118778
05-11-2019,41.0488,118778
04-11-2019,41.3704,118778
01-11-2019,41.1506,118778
31-10-2019,41.0137,118778
30-10-2019,40.7804,118778
29-10-2019,40.6774,118778
25-10-2019,39.9183,118778
24-10-2019,39.9918,118778
23-10-2019,40.112,118778
22-10-2019,40.0707,118778
18-10-2019,39.8962,118778
17-10-2019,39.1351,118778
16-10-2019,38.8674,118778
15-10-2019,38.825,118778
14-10-2019,38.9024,118778
11-10-2019,38.7947,118778
10-10-2019,38.6574,118778
09-10-2019,38.9835,118778
07-10-2019,38.5989,118778
04-10-2019,39.0067,118778
03-10-2019,39.3319,118778
01-10-2019,39.4449,118778
30-09-2019,40.0484,118778
27-09-2019,40.4855,118778
26-09-2019,40.7785,118778
25-09-2019,40.5539,118778
24-09-2019,40.9139,118778
23-09-2019,40.9843,118778
20-09-2019,39.7383,118778
19-09-2019,38.2819,118778
18-09-2019,38.8405,118778
17-09-2019,38.6292,118778
16-09-2019,39.1919,118778
13-09-2019,38.9292,118778
12-09-2019,38.6639,118778
11-09-2019,38.7244,118778
09-09-2019,38.024,118778
06-09-2019,37.4853,118778
05-09-2019,37.0553,118778
04-09-2019,36.9469,118778
03-09-2019,36.8439,118778
30-08-2019,37.3507,118778
29-08-2019,37.1134,118778
28-08-2019,37.3799,118778
27-08-2019,37.6346,118778
26-08-2019,37.0867,118778
23-08-2019,36.4373,118778
22-08-2019,36.2093,118778
21-08-2019,36.8953,118778
20-08-2019,37.4437,118778
19-08-2019,37.6846,118778
16-08-2019,37.4716,118778
14-08-2019,37.4806,118778
13-08-2019,37.326,118778
09-08-2019,37.8985,118778
08-08-2019,37.7168,118778
07-08-2019,37.4874,118778
06-08-2019,37.5493,118778
05-08-2019,37.0579,118778
02-08-2019,37.5751,118778
01-08-2019,37.6848,118778
31-07-2019,38.1719,118778
30-07-2019,37.8284,118778
26-07-2019,38.7127,118778
25-07-2019,38.7053,118778
24-07-2019,38.761,118778
23-07-2019,39.2183,118778
22-07-2019,39.1132,118778
19-07-2019,39.5354,118778
18-07-2019,40.2313,118778
17-07-2019,40.6109,118778
16-07-2019,40.6341,118778
15-07-2019,40.6265,118778
12-07-2019,40.8254,118778
11-07-2019,40.6893,118778
10-07-2019,40.6046,118778
09-07-2019,40.8814,118778
08-07-2019,40.9425,118778
05-07-2019,41.8184,118778
04-07-2019,42.3976,118778
03-07-2019,42.2543,118778
02-07-2019,42.2881,118778
01-07-2019,42.2492,118778
28-06-2019,42.1367,118778
27-06-2019,42.1822,118778
26-06-2019,42.0321,118778
25-06-2019,41.6704,118778
24-06-2019,41.3871,118778
21-06-2019,41.5468,118778
20-06-2019,41.604,118778
19-06-2019,41.3078,118778
18-06-2019,41.7882,118778
17-06-2019,41.7838,118778
14-06-2019,42.2351,118778
13-06-2019,42.4714,118778
12-06-2019,42.6424,118778
11-06-2019,42.8763,118778
10-06-2019,42.7035,118778
07-06-2019,42.9934,118778
06-06-2019,43.0867,118778
04-06-2019,43.756,118778
03-06-2019,43.8401,118778
31-05-2019,43.6576,118778
30-05-2019,43.8105,118778
29-05-2019,43.6998,118778
28-05-2019,43.868,118778
27-05-2019,43.8709,118778
24-05-2019,42.959,118778
23-05-2019,41.8743,118778
22-05-2019,41.8338,118778
21-05-2019,41.7532,118778
20-05-2019,41.9839,118778
17-05-2019,40.8332,118778
16-05-2019,40.6252,118778
15-05-2019,40.5865,118778
14-05-2019,40.6701,118778
13-05-2019,40.4982,118778
10-05-2019,41.1195,118778
09-05-2019,41.0344,118778
08-05-2019,41.0841,118778
07-05-2019,41.6491,118778
06-05-2019,41.895,118778
03-05-2019,42.092,118778
02-05-2019,42.1678,118778
30-04-2019,42.2505,118778
26-04-2019,42.5715,118778
25-04-2019,42.5214,118778
24-04-2019,42.66,118778
23-04-2019,42.4553,118778
22-04-2019,42.4493,118778
18-04-2019,42.8715,118778
16-04-2019,43.1855,118778
15-04-2019,43.1459,118778
12-04-2019,43.0086,118778
11-04-2019,42.8243,118778
10-04-2019,42.8279,118778
09-04-2019,42.8272,118778
08-04-2019,42.9864,118778
05-04-2019,43.066,118778
04-04-2019,42.7279,118778
03-04-2019,42.8289,118778
02-04-2019,43.1582,118778
01-04-2019,43.1903,118778
29-03-2019,42.8223,118778
28-03-2019,42.6174,118778
27-03-2019,42.3052,118778
26-03-2019,41.9635,118778
25-03-2019,41.6817,118778
22-03-2019,42.092,118778
20-03-2019,42.3552,118778
19-03-2019,42.5057,118778
18-03-2019,42.3673,118778
15-03-2019,42.456,118778
14-03-2019,42.4664,118778
13-03-2019,42.5426,118778
12-03-2019,42.8407,118778
11-03-2019,42.3027,118778
08-03-2019,41.5758,118778
07-03-2019,41.7899,118778
06-03-2019,41.7043,118778
05-03-2019,41.3758,118778
01-03-2019,40.0238,118778
28-02-2019,39.3339,118778
27-02-2019,38.9968,118778
26-02-2019,38.9455,118778
25-02-2019,39.0536,118778
22-02-2019,38.8094,118778
21-02-2019,38.5845,118778
20-02-2019,38.1841,118778
19-02-2019,37.8402,118778
18-02-2019,37.7417,118778
15-02-2019,38.0268,118778
14-02-2019,38.3214,118778
13-02-2019,38.4726,118778
12-02-2019,38.7283,118778
11-02-2019,39.0688,118778
08-02-2019,39.6642,118778
07-02-2019,40.028,118778
06-02-2019,39.6264,118778
05-02-2019,39.5859,118778
04-02-2019,39.8487,118778
01-02-2019,40.2279,118778
31-01-2019,40.08,118778
30-01-2019,39.7196,118778
29-01-2019,39.4034,118778
28-01-2019,39.4993,118778
25-01-2019,40.3094,118778
24-01-2019,40.8338,118778
23-01-2019,41.106,118778
22-01-2019,41.1881,118778
21-01-2019,41.427,118778
18-01-2019,41.6043,118778
17-01-2019,41.8093,118778
16-01-2019,41.8986,118778
15-01-2019,41.834,118778
14-01-2019,41.5491,118778
11-01-2019,41.708,118778
10-01-2019,41.8255,118778
09-01-2019,41.8353,118778
08-01-2019,41.801,118778
07-01-2019,41.7771,118778
04-01-2019,41.7891,118778
03-01-2019,41.7615,118778
02-01-2019,41.9781,118778
01-01-2019,42.1899,118778
31-12-2018,42.1049,118778
28-12-2018,41.8662,118778
27-12-2018,41.6854,118778
26-12-2018,41.5951,118778
24-12-2018,41.6917,118778
21-12-2018,42.0404,118778
20-12-2018,42.5388,118778
19-12-2018,42.5495,118778
18-12-2018,42.1106,118778
17-12-2018,42.0129,118778
14-12-2018,41.8759,118778
13-12-2018,41.8814,118778
12-12-2018,41.5714,118778
11-12-2018,40.6847,118778
10-12-2018,40.2066,118778
07-12-2018,40.8492,118778
06-12-2018,40.8714,118778
05-12-2018,41.3862,118778
04-12-2018,41.8181,118778
03-12-2018,41.8187,118778
30-11-2018,41.8113,118778
29-11-2018,41.6096,118778
28-11-2018,41.695,118778
27-11-2018,41.9199,118778
26-11-2018,41.6468,118778
22-11-2018,41.717,118778
21-11-2018,41.7981,118778
20-11-2018,41.7086,118778
19-11-2018,42.1167,118778
16-11-2018,42.0247,118778
15-11-2018,42.1709,118778
14-11-2018,42.1663,118778
13-11-2018,42.3257,118778
12-11-2018,42.2125,118778
09-11-2018,42.4631,118778
06-11-2018,41.8382,118778
05-11-2018,41.6656,118778
02-11-2018,41.847,118778
01-11-2018,41.5901,118778
31-10-2018,41.1103,118778
30-10-2018,40.6936,118778
29-10-2018,40.252,118778
26-10-2018,39.4295,118778
25-10-2018,39.4984,118778
24-10-2018,39.7873,118778
23-10-2018,39.5887,118778
22-10-2018,40.1113,118778
19-10-2018,40.7807,118778
17-10-2018,41.2347,118778
16-10-2018,42.0659,118778
15-10-2018,41.5551,118778
12-10-2018,41.0296,118778
11-10-2018,40.1777,118778
10-10-2018,40.7914,118778
09-10-2018,39.3194,118778
08-10-2018,39.468,118778
05-10-2018,40.1085,118778
04-10-2018,40.9485,118778
03-10-2018,41.6425,118778
01-10-2018,41.681,118778
28-09-2018,41.5982,118778
27-09-2018,42.8123,118778
26-09-2018,43.4816,118778
25-09-2018,43.2166,118778
24-09-2018,43.3722,118778
21-09-2018,44.4569,118778
19-09-2018,45.6201,118778
18-09-2018,45.7201,118778
17-09-2018,46.1399,118778
14-09-2018,46.3996,118778
12-09-2018,45.8452,118778
11-09-2018,45.9133,118778
10-09-2018,46.6378,118778
07-09-2018,47.2865,118778
06-09-2018,46.9511,118778
05-09-2018,46.5736,118778
04-09-2018,46.8313,118778
03-09-2018,47.6095,118778
31-08-2018,47.4771,118778
30-08-2018,47.1629,118778
29-08-2018,46.7967,118778
28-08-2018,46.5906,118778
27-08-2018,46.5664,118778
24-08-2018,46.3247,118778
23-08-2018,46.3701,118778
21-08-2018,46.3029,118778
20-08-2018,46.101,118778
17-08-2018,45.8602,118778
16-08-2018,45.4324,118778
14-08-2018,45.4152,118778
13-08-2018,45.2625,118778
10-08-2018,45.6073,118778
09-08-2018,46.0969,118778
08-08-2018,45.7819,118778
07-08-2018,45.4276,118778
06-08-2018,45.3283,118778
03-08-2018,45.2085,118778
02-08-2018,44.675,118778
01-08-2018,44.6519,118778
31-07-2018,44.5768,118778
30-07-2018,44.5011,118778
27-07-2018,44.1976,118778
26-07-2018,43.7464,118778
25-07-2018,43.7169,118778
24-07-2018,43.4321,118778
23-07-2018,42.358,118778
20-07-2018,41.9217,118778
19-07-2018,41.7726,118778
18-07-2018,42.1296,118778
17-07-2018,42.594,118778
16-07-2018,42.2845,118778
13-07-2018,43.3513,118778
12-07-2018,43.9278,118778
11-07-2018,44.1091,118778
10-07-2018,44.4719,118778
09-07-2018,44.0143,118778
06-07-2018,43.4865,118778
05-07-2018,43.1683,118778
04-07-2018,43.3463,118778
03-07-2018,43.3209,118778
02-07-2018,43.0767,118778
29-06-2018,43.4856,118778
28-06-2018,42.7731,118778
27-06-2018,43.1256,118778
26-06-2018,43.8401,118778
25-06-2018,44.1431,118778
22-06-2018,44.5314,118778
21-06-2018,44.5544,118778
20-06-2018,44.8592,118778
19-06-2018,44.8699,118778
18-06-2018,45.4226,118778
15-06-2018,45.6765,118778
14-06-2018,45.8261,118778
13-06-2018,45.8869,118778
12-06-2018,45.9991,118778
11-06-2018,45.6842,118778
08-06-2018,45.3587,118778
07-06-2018,45.2648,118778
06-06-2018,44.2842,118778
05-06-2018,43.5006,118778
04-06-2018,44.6087,118778
01-06-2018,45.5274,118778
31-05-2018,46.193,118778
30-05-2018,46.4614,118778
29-05-2018,46.6467,118778
28-05-2018,46.8319,118778
25-05-2018,46.325,118778
24-05-2018,45.757,118778
23-05-2018,45.8921,118778
22-05-2018,46.2053,118778
21-05-2018,45.7511,118778
18-05-2018,46.6539,118778
17-05-2018,47.296,118778
16-05-2018,47.1356,118778
15-05-2018,47.2497,118778
14-05-2018,47.5074,118778
11-05-2018,47.8487,118778
10-05-2018,47.7912,118778
09-05-2018,48.3911,118778
08-05-2018,48.47,118778
07-05-2018,48.3812,118778
04-05-2018,48.201,118778
03-05-2018,48.3412,118778
02-05-2018,48.9031,118778
30-04-2018,49.2901,118778
27-04-2018,48.9585,118778
26-04-2018,48.6503,118778
25-04-2018,48.6103,118778
24-04-2018,49.1138,118778
23-04-2018,48.9497,118778
20-04-2018,48.5327,118778
19-04-2018,48.3532,118778
18-04-2018,47.9484,118778
17-04-2018,48.0276,118778
16-04-2018,47.882,118778
13-04-2018,47.8484,118778
12-04-2018,47.7614,118778
11-04-2018,47.8688,118778
10-04-2018,47.933,118778
09-04-2018,47.9279,118778
06-04-2018,47.8196,118778
05-04-2018,47.6702,118778
04-04-2018,46.7022,118778
03-04-2018,47.2211,118778
02-04-2018,46.6006,118778
28-03-2018,45.521,118778
27-03-2018,45.7414,118778
26-03-2018,45.0479,118778
23-03-2018,44.787,118778
22-03-2018,45.3198,118778
21-03-2018,45.728,118778
20-03-2018,45.5977,118778
19-03-2018,45.741,118778
16-03-2018,46.576,118778
15-03-2018,46.8942,118778
14-03-2018,46.5948,118778
13-03-2018,46.5957,118778
12-03-2018,46.2889,118778
09-03-2018,46.0759,118778
08-03-2018,46.2548,118778
07-03-2018,46.2746,118778
06-03-2018,47.1862,118778
05-03-2018,47.6741,118778
01-03-2018,48.2953,118778
28-02-2018,48.2736,118778
27-02-2018,48.2369,118778
26-02-2018,48.3041,118778
23-02-2018,47.8129,118778
22-02-2018,47.1323,118778
21-02-2018,47.2974,118778
20-02-2018,47.453,118778
19-02-2018,47.4282,118778
16-02-2018,47.8104,118778
15-02-2018,48.5473,118778
14-02-2018,49.0425,118778
12-02-2018,49.0425,118778
09-02-2018,48.4329,118778
08-02-2018,48.4114,118778
07-02-2018,47.3659,118778
06-02-2018,46.4779,118778
05-02-2018,47.1674,118778
02-02-2018,47.176,118778
01-02-2018,48.9683,118778
31-01-2018,48.7779,118778
30-01-2018,49.1677,118778
29-01-2018,49.8851,118778
25-01-2018,50.3569,118778
24-01-2018,50.8854,118778
23-01-2018,51.358,118778
22-01-2018,50.9937,118778
19-01-2018,50.6617,118778
18-01-2018,50.4352,118778
17-01-2018,51.4051,118778
16-01-2018,51.2039,118778
15-01-2018,52.1683,118778
12-01-2018,51.9192,118778
11-01-2018,51.9508,118778
10-01-2018,51.7097,118778
09-01-2018,51.7371,118778
08-01-2018,51.7475,118778
05-01-2018,51.1796,118778
04-01-2018,50.5887,118778
03-01-2018,50.1278,118778
02-01-2018,49.6423,118778
01-01-2018,49.9633,118778
29-12-2017,49.9425,118778
28-12-2017,49.7088,118778
27-12-2017,49.666,118778
26-12-2017,50.1222,118778
22-12-2017,49.6635,118778
21-12-2017,49.3623,118778
20-12-2017,48.8713,118778
19-12-2017,48.4851,118778
18-12-2017,47.7177,118778
15-12-2017,47.356,118778
14-12-2017,46.9715,118778
13-12-2017,47.0374,118778
12-12-2017,47.1672,118778
11-12-2017,47.4587,118778
08-12-2017,47.4512,118778
07-12-2017,46.9782,118778
06-12-2017,46.5003,118778
05-12-2017,46.6616,118778
04-12-2017,46.6079,118778
01-12-2017,46.7794,118778
30-11-2017,47.107,118778
29-11-2017,46.892,118778
28-11-2017,46.894,118778
27-11-2017,46.5852,118778
24-11-2017,45.9305,118778
23-11-2017,45.7837,118778
22-11-2017,45.6284,118778
21-11-2017,45.2948,118778
20-11-2017,45.0418,118778
17-11-2017,44.8005,118778
16-11-2017,44.5712,118778
15-11-2017,44.0233,118778
14-11-2017,44.6453,118778
13-11-2017,44.6711,118778
10-11-2017,44.9286,118778
09-11-2017,44.952,118778
08-11-2017,44.5684,118778
07-11-2017,45.0983,118778
06-11-2017,45.2621,118778
03-11-2017,45.167,118778
02-11-2017,45.0965,118778
01-11-2017,44.9496,118778
31-10-2017,44.6098,118778
30-10-2017,44.4943,118778
27-10-2017,44.0684,118778
26-10-2017,43.8594,118778
25-10-2017,43.5336,118778
24-10-2017,43.6441,118778
23-10-2017,43.3732,118778
18-10-2017,43.2799,118778
17-10-2017,43.1671,118778
16-10-2017,42.9,118778
13-10-2017,42.875,118778
12-10-2017,42.761,118778
11-10-2017,42.3449,118778
10-10-2017,42.7441,118778
09-10-2017,42.3329,118778
06-10-2017,41.9214,118778
05-10-2017,41.5068,118778
04-10-2017,41.0758,118778
03-10-2017,40.7479,118778
29-09-2017,40.719,118778
28-09-2017,40.1888,118778
27-09-2017,39.9482,118778
26-09-2017,40.6021,118778
25-09-2017,40.0605,118778
22-09-2017,40.8474,118778
21-09-2017,41.7223,118778
20-09-2017,41.9232,118778
19-09-2017,41.9538,118778
18-09-2017,41.8405,118778
15-09-2017,41.3969,118778
14-09-2017,41.5365,118778
13-09-2017,41.3459,118778
12-09-2017,41.6651,118778
11-09-2017,41.3069,118778
08-09-2017,41.12,118778
07-09-2017,41.1392,118778
06-09-2017,41.1329,118778
05-09-2017,41.0822,118778
04-09-2017,40.8181,118778
01-09-2017,40.9495,118778
31-08-2017,40.5208,118778
30-08-2017,40.2372,118778
29-08-2017,39.7143,118778
28-08-2017,40.1125,118778
24-08-2017,39.7209,118778
23-08-2017,39.5752,118778
22-08-2017,39.2128,118778
21-08-2017,39.2519,118778
18-08-2017,39.6047,118778
17-08-2017,39.8192,118778
16-08-2017,39.6021,118778
14-08-2017,39.0143,118778
11-08-2017,38.2988,118778
10-08-2017,38.3041,118778
09-08-2017,39.435,118778
08-08-2017,40.1638,118778
07-08-2017,40.6623,118778
04-08-2017,40.5023,118778
03-08-2017,40.3916,118778
02-08-2017,40.7257,118778
01-08-2017,40.6501,118778
31-07-2017,40.6872,118778
28-07-2017,40.5936,118778
27-07-2017,40.3917,118778
26-07-2017,40.8184,118778
25-07-2017,40.6595,118778
24-07-2017,40.7504,118778
21-07-2017,40.8245,118778
20-07-2017,40.8184,118778
19-07-2017,40.6138,118778
18-07-2017,40.2071,118778
17-07-2017,40.4415,118778
14-07-2017,40.3506,118778
13-07-2017,40.6637,118778
12-07-2017,40.4817,118778
11-07-2017,40.3055,118778
10-07-2017,40.4531,118778
07-07-2017,40.2618,118778
06-07-2017,40.2316,118778
05-07-2017,39.7333,118778
04-07-2017,39.2518,118778
03-07-2017,38.9881,118778
30-06-2017,38.5027,118778
29-06-2017,38.4847,118778
28-06-2017,38.2092,118778
27-06-2017,38.1161,118778
23-06-2017,38.6858,118778
22-06-2017,39.3842,118778
21-06-2017,39.7108,118778
20-06-2017,39.7811,118778
19-06-2017,39.6995,118778
16-06-2017,39.5346,118778
15-06-2017,39.3085,118778
14-06-2017,39.263,118778
13-06-2017,39.0979,118778
12-06-2017,39.0827,118778
09-06-2017,39.3131,118778
08-06-2017,39.0774,118778
07-06-2017,38.7283,118778
06-06-2017,38.559,118778
05-06-2017,38.7726,118778
02-06-2017,38.5098,118778
01-06-2017,38.2716,118778
31-05-2017,37.9327,118778
30-05-2017,37.5492,118778
29-05-2017,37.603,118778
26-05-2017,38.037,118778
25-05-2017,37.4294,118778
24-05-2017,36.6375,118778
23-05-2017,37.3187,118778
22-05-2017,37.9884,118778
19-05-2017,38.3387,118778
18-05-2017,38.613,118778
17-05-2017,39.373,118778
16-05-2017,39.3945,118778
15-05-2017,39.0963,118778
12-05-2017,38.8847,118778
11-05-2017,39.1281,118778
10-05-2017,39.2635,118778
09-05-2017,38.9738,118778
08-05-2017,38.9134,118778
05-05-2017,38.6346,118778
04-05-2017,39.1386,118778
03-05-2017,38.9735,118778
02-05-2017,38.6957,118778
28-04-2017,38.6253,118778
27-04-2017,38.45,118778
26-04-2017,38.3297,118778
25-04-2017,38.7034,118778
24-04-2017,38.5881,118778
21-04-2017,38.2555,118778
20-04-2017,38.1817,118778
19-04-2017,37.8713,118778
18-04-2017,37.6204,118778
17-04-2017,37.8266,118778
13-04-2017,37.8036,118778
12-04-2017,37.719,118778
11-04-2017,37.9472,118778
10-04-2017,37.3698,118778
07-04-2017,37.0163,118778
06-04-2017,37.1527,118778
05-04-2017,37.0275,118778
03-04-2017,36.4611,118778
31-03-2017,35.8843,118778
30-03-2017,35.6056,118778
29-03-2017,35.2903,118778
28-03-2017,34.997,118778
27-03-2017,34.8205,118778
24-03-2017,34.8047,118778
23-03-2017,34.5283,118778
22-03-2017,34.2987,118778
21-03-2017,34.5043,118778
20-03-2017,34.5889,118778
17-03-2017,34.4909,118778
16-03-2017,34.5304,118778
15-03-2017,34.3234,118778
14-03-2017,34.122,118778
10-03-2017,33.7674,118778
09-03-2017,33.7329,118778
08-03-2017,33.6073,118778
07-03-2017,33.7631,118778
06-03-2017,33.735,118778
03-03-2017,33.5412,118778
02-03-2017,33.4699,118778
01-03-2017,33.8449,118778
28-02-2017,33.6216,118778
27-02-2017,33.515,118778
23-02-2017,33.4548,118778
22-02-2017,33.4843,118778
21-02-2017,33.6398,118778
20-02-2017,33.4278,118778
17-02-2017,33.1593,118778
16-02-2017,32.8984,118778
15-02-2017,32.4392,118778
14-02-2017,33.0548,118778
13-02-2017,33.2185,118778
10-02-2017,33.5386,118778
09-02-2017,33.5462,118778
08-02-2017,33.4956,118778
07-02-2017,33.554,118778
06-02-2017,33.7852,118778
03-02-2017,33.4026,118778
02-02-2017,33.1759,118778
01-02-2017,32.8748,118778
31-01-2017,32.3483,118778
30-01-2017,32.7371,118778
27-01-2017,32.6997,118778
25-01-2017,32.5774,118778
24-01-2017,32.3531,118778
23-01-2017,32.2403,118778
20-01-2017,32.0474,118778
19-01-2017,32.4377,118778
18-01-2017,32.3544,118778
17-01-2017,32.1408,118778
16-01-2017,32.1414,118778
13-01-2017,31.8583,118778
12-01-2017,31.9088,118778
11-01-2017,31.9484,118778
10-01-2017,31.6315,118778
09-01-2017,31.3619,118778
06-01-2017,31.1588,118778
05-01-2017,31.2772,118778
04-01-2017,30.9968,118778
03-01-2017,30.8145,118778
02-01-2017,30.4904,118778
30-12-2016,30.2794,118778
29-12-2016,29.9168,118778
28-12-2016,29.6995,118778
27-12-2016,29.4907,118778
26-12-2016,29.0538,118778
23-12-2016,29.6147,118778
22-12-2016,29.564,118778
21-12-2016,30.0207,118778
20-12-2016,30.0861,118778
19-12-2016,30.3469,118778
16-12-2016,30.4647,118778
15-12-2016,30.4763,118778
14-12-2016,30.3952,118778
13-12-2016,30.5294,118778
12-12-2016,30.5107,118778
09-12-2016,30.7274,118778
08-12-2016,30.5358,118778
07-12-2016,30.1246,118778
06-12-2016,30.3489,118778
05-12-2016,30.1873,118778
02-12-2016,30.159,118778
01-12-2016,30.5768,118778
30-11-2016,30.787,118778
29-11-2016,30.2811,118778
28-11-2016,30.1257,118778
25-11-2016,29.8868,118778
24-11-2016,29.3429,118778
23-11-2016,29.3178,118778
22-11-2016,28.7589,118778
21-11-2016,28.4912,118778
18-11-2016,29.4613,118778
17-11-2016,29.3565,118778
16-11-2016,29.5053,118778
15-11-2016,29.4809,118778
11-11-2016,30.9,118778
10-11-2016,32.0227,118778
09-11-2016,31.5632,118778
08-11-2016,32.2165,118778
07-11-2016,32.2625,118778
04-11-2016,31.7378,118778
03-11-2016,32.2475,118778
02-11-2016,32.6555,118778
01-11-2016,33.2983,118778
28-10-2016,33.122,118778
27-10-2016,32.8467,118778
26-10-2016,32.9982,118778
25-10-2016,33.1187,118778
24-10-2016,33.1038,118778
21-10-2016,32.9317,118778
20-10-2016,32.9531,118778
19-10-2016,32.6712,118778
18-10-2016,32.5132,118778
17-10-2016,31.9658,118778
14-10-2016,32.063,118778
13-10-2016,31.6334,118778
10-10-2016,32.2111,118778
07-10-2016,32.0304,118778
06-10-2016,32.0223,118778
05-10-2016,32.0853,118778
04-10-2016,31.8019,118778
03-10-2016,31.3852,118778
30-09-2016,30.645,118778
29-09-2016,30.0746,118778
28-09-2016,31.3961,118778
27-09-2016,31.1739,118778
26-09-2016,31.2045,118778
23-09-2016,31.1634,118778
22-09-2016,31.2354,118778
21-09-2016,31.0039,118778
20-09-2016,30.9171,118778
19-09-2016,30.9295,118778
16-09-2016,30.6903,118778
15-09-2016,30.691,118778
14-09-2016,30.5041,118778
12-09-2016,30.0576,118778
09-09-2016,30.6938,118778
08-09-2016,30.9693,118778
07-09-2016,30.6202,118778
06-09-2016,30.5397,118778
02-09-2016,30.2409,118778
01-09-2016,30.0021,118778
31-08-2016,30.0697,118778
30-08-2016,29.9529,118778
29-08-2016,29.6382,118778
26-08-2016,29.7023,118778
25-08-2016,29.7859,118778
24-08-2016,29.7098,118778
23-08-2016,29.5326,118778
22-08-2016,29.3931,118778
19-08-2016,29.3512,118778
18-08-2016,29.118,118778
17-08-2016,28.8456,118778
16-08-2016,28.6257,118778
12-08-2016,28.7372,118778
11-08-2016,28.6573,118778
10-08-2016,28.8056,118778
09-08-2016,29.1348,118778
08-08-2016,29.1805,118778
05-08-2016,29.071,118778
04-08-2016,28.5919,118778
03-08-2016,28.5027,118778
02-08-2016,28.8083,118778
01-08-2016,28.9262,118778
29-07-2016,29.0691,118778
28-07-2016,29.1463,118778
27-07-2016,29.0069,118778
26-07-2016,28.9057,118778
25-07-2016,29.2177,118778
22-07-2016,28.7767,118778
21-07-2016,28.5702,118778
20-07-2016,28.7455,118778
19-07-2016,28.4122,118778
18-07-2016,28.4784,118778
15-07-2016,28.6094,118778
14-07-2016,28.7642,118778
13-07-2016,28.4516,118778
12-07-2016,28.7081,118778
11-07-2016,28.7393,118778
08-07-2016,28.5365,118778
07-07-2016,28.5604,118778
05-07-2016,28.4855,118778
04-07-2016,28.5062,118778
01-07-2016,28.3226,118778
30-06-2016,28.2423,118778
29-06-2016,27.9209,118778
28-06-2016,27.4779,118778
27-06-2016,27.2764,118778
24-06-2016,26.763,118778
23-06-2016,27.1941,118778
22-06-2016,27.2642,118778
21-06-2016,27.3404,118778
20-06-2016,27.322,118778
17-06-2016,27.279,118778
16-06-2016,27.2203,118778
15-06-2016,27.3569,118778
14-06-2016,27.0916,118778
13-06-2016,27.0168,118778
10-06-2016,27.1542,118778
09-06-2016,27.1899,118778
08-06-2016,27.1758,118778
07-06-2016,26.8975,118778
06-06-2016,26.7061,118778
03-06-2016,26.6633,118778
02-06-2016,26.761,118778
01-06-2016,26.6497,118778
31-05-2016,26.6078,118778
30-05-2016,26.6488,118778
27-05-2016,26.573,118778
26-05-2016,26.3453,118778
25-05-2016,26.2371,118778
24-05-2016,26.0139,118778
23-05-2016,26.1254,118778
20-05-2016,26.3015,118778
19-05-2016,26.5193,118778
18-05-2016,26.7782,118778
17-05-2016,26.6716,118778
16-05-2016,26.7027,118778
13-05-2016,26.728,118778
12-05-2016,26.842,118778
11-05-2016,26.5808,118778
10-05-2016,26.5147,118778
09-05-2016,26.3632,118778
06-05-2016,26.0068,118778
05-05-2016,26.1523,118778
04-05-2016,26.0511,118778
03-05-2016,26.3453,118778
02-05-2016,26.3941,118778
29-04-2016,26.1612,118778
28-04-2016,26.2237,118778
27-04-2016,26.4477,118778
26-04-2016,26.3579,118778
25-04-2016,26.1698,118778
22-04-2016,26.2212,118778
21-04-2016,26.2148,118778
20-04-2016,26.3601,118778
18-04-2016,26.2419,118778
13-04-2016,25.9697,118778
12-04-2016,25.7058,118778
11-04-2016,25.5123,118778
08-04-2016,25.4418,118778
07-04-2016,25.244,118778
06-04-2016,25.2899,118778
05-04-2016,25.0409,118778
04-04-2016,25.3388,118778
01-04-2016,25.1755,118778
31-03-2016,24.9448,118778
30-03-2016,24.9702,118778
29-03-2016,24.5341,118778
28-03-2016,24.5598,118778
23-03-2016,24.9231,118778
22-03-2016,24.7049,118778
21-03-2016,24.4043,118778
18-03-2016,24.1436,118778
17-03-2016,24.0185,118778
16-03-2016,23.9315,118778
15-03-2016,24.0088,118778
14-03-2016,24.2141,118778
11-03-2016,24.1693,118778
10-03-2016,24.2056,118778
09-03-2016,24.1945,118778
08-03-2016,24.0049,118778
04-03-2016,24.0558,118778
03-03-2016,23.9319,118778
02-03-2016,23.7141,118778
01-03-2016,23.2144,118778
29-02-2016,22.4296,118778
26-02-2016,22.5254,118778
25-02-2016,22.5937,118778
24-02-2016,22.8311,118778
23-02-2016,23.2282,118778
22-02-2016,23.575,118778
19-02-2016,23.492,118778
18-02-2016,23.4165,118778
17-02-2016,23.373,118778
16-02-2016,23.3414,118778
15-02-2016,23.8578,118778
12-02-2016,22.9692,118778
11-02-2016,23.1664,118778
10-02-2016,24.1923,118778
09-02-2016,24.6215,118778
08-02-2016,24.9306,118778
05-02-2016,25.0197,118778
04-02-2016,24.7294,118778
03-02-2016,25.0145,118778
02-02-2016,25.5537,118778
01-02-2016,25.9496,118778
29-01-2016,25.9963,118778
28-01-2016,25.7768,118778
27-01-2016,25.854,118778
25-01-2016,25.7325,118778
22-01-2016,25.4762,118778
21-01-2016,24.842,118778
20-01-2016,24.6226,118778
19-01-2016,25.2399,118778
18-01-2016,24.7424,118778
15-01-2016,25.7701,118778
14-01-2016,26.5995,118778
13-01-2016,26.8785,118778
12-01-2016,27.3975,118778
11-01-2016,27.7583,118778
08-01-2016,27.8162,118778
07-01-2016,27.4198,118778
06-01-2016,28.2441,118778
05-01-2016,28.4461,118778
04-01-2016,28.2575,118778
01-01-2016,28.6284,118778
31-12-2015,28.3641,118778
30-12-2015,28.2284,118778
29-12-2015,28.1606,118778
28-12-2015,28.2081,118778
24-12-2015,28.1528,118778
23-12-2015,28.1697,118778
22-12-2015,27.9939,118778
21-12-2015,28.097,118778
18-12-2015,27.8809,118778
17-12-2015,27.8911,118778
16-12-2015,27.4682,118778
15-12-2015,27.3243,118778
14-12-2015,27.0363,118778
11-12-2015,26.8843,118778
10-12-2015,27.0898,118778
09-12-2015,26.7584,118778
08-12-2015,27.3555,118778
07-12-2015,27.764,118778
04-12-2015,27.8106,118778
03-12-2015,28.0364,118778
02-12-2015,28.1103,118778
01-12-2015,28.0529,118778
30-11-2015,27.9482,118778
27-11-2015,27.8091,118778
26-11-2015,27.7355,118778
24-11-2015,27.7788,118778
23-11-2015,27.7099,118778
20-11-2015,27.4615,118778
19-11-2015,27.1947,118778
18-11-2015,26.8372,118778
17-11-2015,27.1004,118778
16-11-2015,26.9741,118778
13-11-2015,26.8274,118778
10-11-2015,26.6771,118778
09-11-2015,26.9134,118778
06-11-2015,26.7462,118778
05-11-2015,26.8134,118778
04-11-2015,27.3106,118778
03-11-2015,27.3884,118778
02-11-2015,27.2171,118778
30-10-2015,27.126,118778
29-10-2015,27.1865,118778
28-10-2015,27.4166,118778
27-10-2015,27.0379,118778
26-10-2015,26.9603,118778
23-10-2015,27.2025,118778
21-10-2015,27.171,118778
20-10-2015,27.2256,118778
19-10-2015,26.9939,118778
16-10-2015,26.8928,118778
15-10-2015,26.7547,118778
14-10-2015,26.6577,118778
13-10-2015,26.5188,118778
12-10-2015,26.4036,118778
09-10-2015,26.4169,118778
08-10-2015,26.2182,118778
07-10-2015,26.3501,118778
06-10-2015,26.2959,118778
05-10-2015,26.1607,118778
01-10-2015,25.6223,118778
30-09-2015,25.401,118778
29-09-2015,25.1829,118778
28-09-2015,25.168,118778
24-09-2015,25.2121,118778
23-09-2015,25.0226,118778
22-09-2015,24.8091,118778
21-09-2015,25.1672,118778
18-09-2015,24.8623,118778
16-09-2015,24.5618,118778
15-09-2015,24.5565,118778
14-09-2015,24.6743,118778
11-09-2015,24.5538,118778
10-09-2015,24.4121,118778
09-09-2015,24.4866,118778
08-09-2015,24.0234,118778
07-09-2015,23.8957,118778
04-09-2015,24.3764,118778
03-09-2015,24.9371,118778
02-09-2015,24.6006,118778
01-09-2015,24.5763,118778
31-08-2015,25.1741,118778
28-08-2015,25.1227,118778
27-08-2015,25.1549,118778
26-08-2015,24.4898,118778
25-08-2015,24.5143,118778
24-08-2015,24.3665,118778
21-08-2015,26.5673,118778
20-08-2015,26.6319,118778
19-08-2015,27.1771,118778
18-08-2015,26.9337,118778
17-08-2015,26.627,118778
14-08-2015,26.5656,118778
13-08-2015,26.0124,118778
12-08-2015,26.4095,118778
11-08-2015,27.0619,118778
10-08-2015,27.5306,118778
07-08-2015,27.6489,118778
06-08-2015,27.3669,118778
05-08-2015,27.3977,118778
04-08-2015,27.201,118778
03-08-2015,26.8881,118778
31-07-2015,26.5589,118778
30-07-2015,26.3963,118778
29-07-2015,26.1729,118778
28-07-2015,25.7124,118778
27-07-2015,25.7364,118778
24-07-2015,25.9999,118778
23-07-2015,26.2126,118778
22-07-2015,26.0649,118778
21-07-2015,25.7951,118778
20-07-2015,26.2345,118778
17-07-2015,26.142,118778
16-07-2015,25.9739,118778
15-07-2015,25.8029,118778
14-07-2015,25.5666,118778
13-07-2015,25.4105,118778
10-07-2015,25.0124,118778
09-07-2015,24.9736,118778
08-07-2015,24.89,118778
07-07-2015,25.2357,118778
06-07-2015,25.0365,118778
03-07-2015,24.7561,118778
02-07-2015,24.6619,118778
01-07-2015,24.5474,118778
30-06-2015,24.2371,118778
29-06-2015,24.0502,118778
26-06-2015,24.3352,118778
25-06-2015,24.255,118778
24-06-2015,24.2228,118778
23-06-2015,24.2953,118778
22-06-2015,24.2025,118778
19-06-2015,23.8767,118778
18-06-2015,23.746,118778
17-06-2015,23.4177,118778
16-06-2015,23.1822,118778
15-06-2015,23.0993,118778
12-06-2015,23.0253,118778
11-06-2015,23.0708,118778
10-06-2015,23.3091,118778
09-06-2015,23.113,118778
08-06-2015,23.2242,118778
05-06-2015,23.4925,118778
04-06-2015,23.4066,118778
03-06-2015,23.427,118778
02-06-2015,23.9952,118778
01-06-2015,24.4638,118778
29-05-2015,24.5353,118778
28-05-2015,24.257,118778
27-05-2015,24.3108,118778
26-05-2015,24.3739,118778
25-05-2015,24.3811,118778
22-05-2015,24.4236,118778
21-05-2015,24.4011,118778
20-05-2015,24.3743,118778
19-05-2015,24.37,118778
18-05-2015,24.398,118778
15-05-2015,24.0797,118778
14-05-2015,23.8739,118778
13-05-2015,23.6419,118778
12-05-2015,23.4615,118778
11-05-2015,23.8793,118778
08-05-2015,23.575,118778
07-05-2015,23.0758,118778
06-05-2015,23.6322,118778
05-05-2015,24.2891,118778
04-05-2015,24.2985,118778
30-04-2015,23.9296,118778
29-04-2015,24.0351,118778
28-04-2015,23.9731,118778
27-04-2015,23.6577,118778
24-04-2015,24.2578,118778
23-04-2015,24.9063,118778
22-04-2015,24.7969,118778
21-04-2015,24.8111,118778
20-04-2015,24.8163,118778
17-04-2015,25.3957,118778
16-04-2015,25.6698,118778
15-04-2015,25.8315,118778
13-04-2015,25.8415,118778
10-04-2015,25.7471,118778
09-04-2015,25.5982,118778
08-04-2015,25.2969,118778
07-04-2015,24.9539,118778
06-04-2015,24.9522,118778
01-04-2015,24.876,118778
31-03-2015,24.5141,118778
30-03-2015,24.2653,118778
27-03-2015,23.728,118778
26-03-2015,23.5843,118778
25-03-2015,23.6773,118778
24-03-2015,23.888,118778
23-03-2015,23.9895,118778
20-03-2015,24.2729,118778
19-03-2015,24.6011,118778
18-03-2015,24.8145,118778
17-03-2015,24.7921,118778
16-03-2015,24.5763,118778
13-03-2015,24.7932,118778
12-03-2015,25.1876,118778
11-03-2015,25.0049,118778
10-03-2015,25.1404,118778
09-03-2015,25.1453,118778
05-03-2015,25.4934,118778
04-03-2015,25.3123,118778
03-03-2015,25.6629,118778
02-03-2015,25.3157,118778
27-02-2015,24.9902,118778
26-02-2015,24.6523,118778
25-02-2015,24.8324,118778
24-02-2015,24.9439,118778
23-02-2015,25.1012,118778
20-02-2015,25.2446,118778
19-02-2015,25.1603,118778
18-02-2015,25.1866,118778
16-02-2015,25.094,118778
13-02-2015,25.1607,118778
12-02-2015,25.0125,118778
11-02-2015,24.8064,118778
10-02-2015,24.5604,118778
09-02-2015,24.5375,118778
06-02-2015,24.7699,118778
05-02-2015,25.1598,118778
04-02-2015,25.3964,118778
03-02-2015,25.4515,118778
02-02-2015,25.4773,118778
30-01-2015,25.5162,118778
29-01-2015,25.7521,118778
28-01-2015,25.7842,118778
27-01-2015,25.9071,118778
23-01-2015,25.7768,118778
22-01-2015,25.9464,118778
21-01-2015,25.8225,118778
20-01-2015,25.8347,118778
19-01-2015,25.8909,118778
16-01-2015,25.789,118778
15-01-2015,25.6823,118778
14-01-2015,25.3002,118778
13-01-2015,25.3134,118778
12-01-2015,25.4177,118778
09-01-2015,25.0705,118778
08-01-2015,24.9129,118778
07-01-2015,24.4156,118778
06-01-2015,24.2566,118778
05-01-2015,24.8597,118778
02-01-2015,24.7937,118778
01-01-2015,24.6368,118778
31-12-2014,24.44,118778
30-12-2014,24.1425,118778
29-12-2014,24.0265,118778
26-12-2014,23.7939,118778
24-12-2014,23.7298,118778
23-12-2014,23.6718,118778
22-12-2014,23.7111,118778
19-12-2014,23.6218,118778
18-12-2014,23.4675,118778
17-12-2014,22.8372,118778
16-12-2014,22.997,118778
15-12-2014,23.7313,118778
12-12-2014,23.558,118778
11-12-2014,23.7068,118778
10-12-2014,23.7632,118778
09-12-2014,23.5418,118778
08-12-2014,23.8101,118778
05-12-2014,24.0106,118778
04-12-2014,23.881,118778
03-12-2014,23.7715,118778
02-12-2014,23.4944,118778
01-12-2014,23.3066,118778
28-11-2014,23.3689,118778
27-11-2014,23.2608,118778
26-11-2014,23.176,118778
25-11-2014,23.1205,118778
24-11-2014,23.48,118778
21-11-2014,23.509,118778
20-11-2014,23.5645,118778
19-11-2014,23.6071,118778
18-11-2014,23.7464,118778
17-11-2014,23.5217,118778
14-11-2014,23.3689,118778
13-11-2014,23.3836,118778
12-11-2014,23.5572,118778
11-11-2014,23.4121,118778
10-11-2014,23.2814,118778
07-11-2014,23.2931,118778
05-11-2014,23.4461,118778
03-11-2014,23.2246,118778
31-10-2014,22.9804,118778
30-10-2014,22.789,118778
29-10-2014,22.6184,118778
28-10-2014,22.537,118778
27-10-2014,22.4776,118778
22-10-2014,22.3959,118778
21-10-2014,22.228,118778
20-10-2014,22.0742,118778
17-10-2014,21.8983,118778
16-10-2014,21.9447,118778
14-10-2014,22.2802,118778
13-10-2014,22.1953,118778
10-10-2014,22.159,118778
09-10-2014,22.3722,118778
08-10-2014,22.0485,118778
07-10-2014,22.0424,118778
01-10-2014,22.2411,118778
30-09-2014,22.29,118778
29-09-2014,22.0804,118778
26-09-2014,21.8195,118778
25-09-2014,21.6919,118778
24-09-2014,22.159,118778
23-09-2014,22.3316,118778
22-09-2014,22.7188,118778
19-09-2014,22.6055,118778
18-09-2014,22.5147,118778
17-09-2014,22.0228,118778
16-09-2014,21.9435,118778
15-09-2014,22.7796,118778
12-09-2014,22.6838,118778
11-09-2014,22.5051,118778
10-09-2014,22.2737,118778
09-09-2014,22.2212,118778
08-09-2014,22.0341,118778
05-09-2014,21.5313,118778
04-09-2014,21.3692,118778
03-09-2014,21.2689,118778
02-09-2014,21.167,118778
01-09-2014,20.8898,118778
28-08-2014,20.5841,118778
27-08-2014,20.6625,118778
26-08-2014,20.2556,118778
25-08-2014,20.2872,118778
22-08-2014,20.3819,118778
21-08-2014,20.3342,118778
20-08-2014,20.3212,118778
19-08-2014,19.9856,118778
18-08-2014,19.6433,118778
14-08-2014,19.1482,118778
13-08-2014,19.0384,118778
12-08-2014,19.3037,118778
11-08-2014,19.242,118778
08-08-2014,19.1367,118778
07-08-2014,19.4512,118778
06-08-2014,19.4732,118778
05-08-2014,19.4055,118778
04-08-2014,19.1745,118778
01-08-2014,18.9895,118778
31-07-2014,19.0808,118778
30-07-2014,19.004,118778
28-07-2014,19.0344,118778
25-07-2014,19.1667,118778
24-07-2014,19.5868,118778
23-07-2014,19.5303,118778
22-07-2014,19.4865,118778
21-07-2014,19.5091,118778
18-07-2014,19.4611,118778
17-07-2014,19.4957,118778
16-07-2014,19.2525,118778
15-07-2014,18.9118,118778
14-07-2014,18.5184,118778
11-07-2014,18.5381,118778
10-07-2014,19.0225,118778
09-07-2014,18.8126,118778
08-07-2014,19.1937,118778
07-07-2014,19.8645,118778
04-07-2014,20.0091,118778
03-07-2014,19.8128,118778
02-07-2014,19.7284,118778
01-07-2014,19.5057,118778
30-06-2014,19.388,118778
27-06-2014,19.1038,118778
26-06-2014,18.8329,118778
25-06-2014,18.8967,118778
24-06-2014,18.7703,118778
23-06-2014,18.4867,118778
20-06-2014,18.2814,118778
19-06-2014,18.3015,118778
18-06-2014,18.2241,118778
17-06-2014,18.1459,118778
16-06-2014,17.7588,118778
13-06-2014,17.7073,118778
12-06-2014,18.1298,118778
11-06-2014,18.1067,118778
10-06-2014,18.1801,118778
09-06-2014,18.2345,118778
06-06-2014,17.9528,118778
05-06-2014,17.6966,118778
04-06-2014,17.4206,118778
03-06-2014,17.0552,118778
02-06-2014,16.9139,118778
30-05-2014,16.591,118778
29-05-2014,16.58,118778
28-05-2014,16.5651,118778
27-05-2014,16.3412,118778
26-05-2014,16.338,118778
23-05-2014,16.7559,118778
22-05-2014,16.5316,118778
21-05-2014,16.1928,118778
20-05-2014,15.9528,118778
19-05-2014,15.5583,118778
16-05-2014,15.0774,118778
15-05-2014,14.8502,118778
14-05-2014,14.8224,118778
13-05-2014,14.6594,118778
12-05-2014,14.5292,118778
09-05-2014,14.4936,118778
08-05-2014,14.3468,118778
07-05-2014,14.225,118778
06-05-2014,14.2998,118778
05-05-2014,14.1339,118778
02-05-2014,13.9867,118778
30-04-2014,13.9053,118778
29-04-2014,14.0652,118778
28-04-2014,14.0815,118778
25-04-2014,13.9832,118778
23-04-2014,14.11,118778
22-04-2014,14.0788,118778
21-04-2014,14.1343,118778
17-04-2014,13.9132,118778
16-04-2014,13.6624,118778
15-04-2014,13.8308,118778
11-04-2014,13.9178,118778
10-04-2014,13.881,118778
09-04-2014,13.7877,118778
07-04-2014,13.5894,118778
04-04-2014,13.5958,118778
03-04-2014,13.6831,118778
02-04-2014,13.8049,118778
01-04-2014,13.6112,118778
31-03-2014,13.5183,118778
28-03-2014,13.3767,118778
27-03-2014,13.2005,118778
26-03-2014,13.0606,118778
25-03-2014,13.0642,118778
24-03-2014,12.9657,118778
21-03-2014,12.8954,118778
20-03-2014,12.6633,118778
19-03-2014,12.6108,118778
18-03-2014,12.5967,118778
14-03-2014,12.4443,118778
13-03-2014,12.5007,118778
12-03-2014,12.5944,118778
11-03-2014,12.5023,118778
10-03-2014,12.4791,118778
07-03-2014,12.4136,118778
06-03-2014,12.6062,118778
05-03-2014,12.3937,118778
04-03-2014,12.3317,118778
03-03-2014,12.2334,118778
28-02-2014,12.2102,118778
26-02-2014,12.1182,118778
25-02-2014,12.1555,118778
24-02-2014,12.1514,118778
21-02-2014,12.0339,118778
20-02-2014,11.8719,118778
19-02-2014,11.8184,118778
18-02-2014,11.7647,118778
17-02-2014,11.6735,118778
14-02-2014,11.6769,118778
13-02-2014,11.7344,118778
12-02-2014,11.8938,118778
11-02-2014,11.855,118778
10-02-2014,11.7938,118778
07-02-2014,11.7693,118778
06-02-2014,11.779,118778
05-02-2014,11.8145,118778
04-02-2014,11.7602,118778
03-02-2014,11.7716,118778
31-01-2014,11.8233,118778
30-01-2014,11.6371,118778
29-01-2014,11.7925,118778
28-01-2014,11.8071,118778
27-01-2014,11.8003,118778
24-01-2014,12.0434,118778
23-01-2014,12.2893,118778
22-01-2014,12.2801,118778
21-01-2014,12.2624,118778
20-01-2014,12.1771,118778
17-01-2014,12.0761,118778
16-01-2014,12.3436,118778
15-01-2014,12.363,118778
14-01-2014,12.3662,118778
13-01-2014,12.3271,118778
10-01-2014,12.2942,118778
09-01-2014,12.4232,118778
08-01-2014,12.5834,118778
07-01-2014,12.525,118778
06-01-2014,12.5378,118778
03-01-2014,12.3792,118778
02-01-2014,12.2606,118778
01-01-2014,12.3703,118778
31-12-2013,12.2627,118778
30-12-2013,12.1937,118778
27-12-2013,12.1564,118778
26-12-2013,12.1306,118778
24-12-2013,12.0187,118778
23-12-2013,11.9589,118778
20-12-2013,11.7806,118778
19-12-2013,11.5511,118778
18-12-2013,11.5127,118778
17-12-2013,11.318,118778
16-12-2013,11.3118,118778
13-12-2013,11.2373,118778
12-12-2013,11.3161,118778
11-12-2013,11.3215,118778
10-12-2013,11.3411,118778
09-12-2013,11.3906,118778
06-12-2013,11.3842,118778
05-12-2013,11.3262,118778
04-12-2013,11.3777,118778
03-12-2013,11.2878,118778
02-12-2013,11.2924,118778
29-11-2013,11.1743,118778
28-11-2013,11.0645,118778
27-11-2013,10.9821,118778
26-11-2013,10.9579,118778
25-11-2013,10.9464,118778
22-11-2013,10.8224,118778
21-11-2013,10.7713,118778
20-11-2013,10.8435,118778
19-11-2013,10.7496,118778
18-11-2013,10.6487,118778
14-11-2013,10.5592,118778
13-11-2013,10.4741,118778
12-11-2013,10.5533,118778
11-11-2013,10.5904,118778
08-11-2013,10.6597,118778
07-11-2013,10.6064,118778
06-11-2013,10.7004,118778
05-11-2013,10.6037,118778
01-11-2013,10.3924,118778
31-10-2013,10.2967,118778
30-10-2013,10.2232,118778
29-10-2013,10.1685,118778
28-10-2013,10.0506,118778
25-10-2013,10.089,118778
24-10-2013,10.0334,118778
23-10-2013,9.9848,118778
22-10-2013,9.9797,118778
21-10-2013,9.8407,118778
18-10-2013,9.714,118778
17-10-2013,9.6395,118778
15-10-2013,9.6369,118778
14-10-2013,9.7048,118778
11-10-2013,9.6373,118778
10-10-2013,9.6554,118778
09-10-2013,9.5147,118778
08-10-2013,9.4814,118778
07-10-2013,9.3974,118778
04-10-2013,9.2507,118778
03-10-2013,9.2005,118778
01-10-2013,9.1456,118778
30-09-2013,9.1239,118778
27-09-2013,9.1028,118778
26-09-2013,9.069,118778
25-09-2013,9.0726,118778
24-09-2013,9.0298,118778
23-09-2013,9.0076,118778
20-09-2013,9.0537,118778
19-09-2013,9.1035,118778
18-09-2013,8.9556,118778
17-09-2013,8.9516,118778
16-09-2013,8.9842,118778
13-09-2013,9.0364,118778
12-09-2013,9.012,118778
11-09-2013,8.9414,118778
10-09-2013,8.8788,118778
06-09-2013,8.7599,118778
05-09-2013,8.7217,118778
04-09-2013,8.6537,118778
03-09-2013,8.5922,118778
02-09-2013,8.6826,118778
30-08-2013,8.6602,118778
29-08-2013,8.662,118778
28-08-2013,8.5855,118778
27-08-2013,8.6326,118778
26-08-2013,8.7689,118778
23-08-2013,8.7442,118778
22-08-2013,8.6828,118778
21-08-2013,8.6524,118778
20-08-2013,8.7027,118778
19-08-2013,8.6914,118778
16-08-2013,8.7955,118778
14-08-2013,8.9736,118778
13-08-2013,8.9515,118778
12-08-2013,8.8352,118778
08-08-2013,8.7152,118778
07-08-2013,8.6486,118778
06-08-2013,8.5927,118778
05-08-2013,8.7771,118778
02-08-2013,8.7123,118778
01-08-2013,8.7886,118778
31-07-2013,8.8721,118778
30-07-2013,8.9224,118778
29-07-2013,9.0767,118778
26-07-2013,9.1646,118778
25-07-2013,9.1966,118778
24-07-2013,9.242,118778
23-07-2013,9.3579,118778
22-07-2013,9.3426,118778
19-07-2013,9.3682,118778
18-07-2013,9.4222,118778
17-07-2013,9.361,118778
16-07-2013,9.3957,118778
15-07-2013,9.4677,118778
12-07-2013,9.4202,118778
11-07-2013,9.3622,118778
10-07-2013,9.3156,118778
09-07-2013,9.2801,118778
08-07-2013,9.1884,118778
05-07-2013,9.1959,118778
04-07-2013,9.2197,118778
03-07-2013,9.165,118778
02-07-2013,9.2835,118778
01-07-2013,9.2958,118778
28-06-2013,9.1773,118778
27-06-2013,9.0787,118778
26-06-2013,9.0031,118778
25-06-2013,9.06,118778
24-06-2013,9.073,118778
21-06-2013,9.2149,118778
20-06-2013,9.2721,118778
19-06-2013,9.3999,118778
18-06-2013,9.3929,118778
17-06-2013,9.3571,118778
14-06-2013,9.3041,118778
13-06-2013,9.2386,118778
12-06-2013,9.2969,118778
11-06-2013,9.3178,118778
10-06-2013,9.4822,118778
07-06-2013,9.5145,118778
06-06-2013,9.5915,118778
05-06-2013,9.5036,118778
04-06-2013,9.4876,118778
03-06-2013,9.4957,118778
31-05-2013,9.4463,118778
30-05-2013,9.5647,118778
29-05-2013,9.5524,118778
28-05-2013,9.626,118778
27-05-2013,9.6289,118778
24-05-2013,9.5261,118778
23-05-2013,9.4938,118778
22-05-2013,9.6415,118778
21-05-2013,9.6771,118778
20-05-2013,9.7431,118778
17-05-2013,9.7681,118778
16-05-2013,9.7651,118778
15-05-2013,9.7772,118778
14-05-2013,9.7086,118778
13-05-2013,9.6907,118778
10-05-2013,9.7403,118778
09-05-2013,9.6811,118778
08-05-2013,9.6913,118778
07-05-2013,9.6783,118778
06-05-2013,9.6551,118778
03-05-2013,9.602,118778
02-05-2013,9.5928,118778
30-04-2013,9.5907,118778
29-04-2013,9.5631,118778
26-04-2013,9.4841,118778
25-04-2013,9.5525,118778
23-04-2013,9.5862,118778
22-04-2013,9.5978,118778
18-04-2013,9.5438,118778
17-04-2013,9.5027,118778
16-04-2013,9.4731,118778
15-04-2013,9.3688,118778
12-04-2013,9.352,118778
11-04-2013,9.401,118778
10-04-2013,9.3737,118778
09-04-2013,9.3286,118778
08-04-2013,9.4352,118778
05-04-2013,9.483,118778
04-04-2013,9.4841,118778
03-04-2013,9.6054,118778
02-04-2013,9.6662,118778
01-04-2013,9.4991,118778
28-03-2013,9.3514,118778
26-03-2013,9.2631,118778
25-03-2013,9.206,118778
22-03-2013,9.2384,118778
21-03-2013,9.2968,118778
20-03-2013,9.402,118778
19-03-2013,9.5978,118778
18-03-2013,9.6593,118778
15-03-2013,9.694,118778
14-03-2013,9.7862,118778
13-03-2013,9.7696,118778
12-03-2013,9.8813,118778
11-03-2013,9.8986,118778
08-03-2013,9.8343,118778
07-03-2013,9.7743,118778
06-03-2013,9.7414,118778
05-03-2013,9.6462,118778
04-03-2013,9.5126,118778
01-03-2013,9.6426,118778
28-02-2013,9.6431,118778
27-02-2013,9.7767,118778
26-02-2013,9.7503,118778
25-02-2013,9.9215,118778
22-02-2013,9.9763,118778
21-02-2013,9.957,118778
20-02-2013,10.073,118778
19-02-2013,10.0467,118778
18-02-2013,9.9643,118778
15-02-2013,9.9102,118778
14-02-2013,9.9404,118778
13-02-2013,10.0289,118778
12-02-2013,10.1265,118778
11-02-2013,10.1719,118778
08-02-2013,10.1414,118778
07-02-2013,10.1897,118778
06-02-2013,10.2585,118778
05-02-2013,10.192,118778
04-02-2013,10.244,118778
01-02-2013,10.2916,118778
31-01-2013,10.3045,118778
30-01-2013,10.3056,118778
29-01-2013,10.315,118778
28-01-2013,10.3185,118778
25-01-2013,10.3737,118778
24-01-2013,10.3167,118778
23-01-2013,10.4815,118778
22-01-2013,10.5337,118778
21-01-2013,10.5584,118778
18-01-2013,10.5942,118778
17-01-2013,10.7351,118778
16-01-2013,10.7144,118778
15-01-2013,10.8459,118778
14-01-2013,10.8353,118778
11-01-2013,10.7764,118778
10-01-2013,10.9142,118778
09-01-2013,10.9664,118778
08-01-2013,10.9758,118778
07-01-2013,11.0243,118778
04-01-2013,10.9825,118778
03-01-2013,11.0148,118778
02-01-2013,11.0142,118778
